name,model
VIDRIO TEMPLADO,A10/A10S
VIDRIO TEMPLADO,A50/A20/A30/A30S
VIDRIO TEMPLADO,A70/A20S/A02
VIDRIO TEMPLADO,A80
VIDRIO TEMPLADO,J1 ACE
VIDRIO TEMPLADO,J2 PRIME
VIDRIO TEMPLADO,J2 CORE
VIDRIO TEMPLADO,J2 PRO
VIDRIO TEMPLADO,J4+
VIDRIO TEMPLADO,J4 2018
VIDRIO TEMPLADO,J5 PRO
VIDRIO TEMPLADO,J5 PRIME
VIDRIO TEMPLADO,J5 2016
VIDRIO TEMPLADO,J5
VIDRIO TEMPLADO,J6
VIDRIO TEMPLADO,Y6 2019
VIDRIO TEMPLADO,Y7 2019
VIDRIO TEMPLADO,Y9 2019
VIDRIO TEMPLADO,J7
VIDRIO TEMPLADO,J7 PRO
VIDRIO TEMPLADO,IPH X
VIDRIO TEMPLADO,IPH XR
VIDRIO TEMPLADO,IPH XS MAX
VIDRIO TEMPLADO,A01
VIDRIO TEMPLADO,J1 MINI
VIDRIO TEMPLADO,A5 2017
VIDRIO TEMPLADO,A5 2016
VIDRIO TEMPLADO,A7 
VIDRIO TEMPLADO,XZ
VIDRIO TEMPLADO,S4
VIDRIO TEMPLADO,Z3 MINI
VIDRIO TEMPLADO,S6
VIDRIO TEMPLADO,CAT S30
VIDRIO TEMPLADO,J2
VIDRIO TEMPLADO,SONY M5
VIDRIO TEMPLADO,A2 CORE
VIDRIO TEMPLADO,CAT S40
VIDRIO TEMPLADO,J7 PRIME
VIDRIO TEMPLADO,Y6 2
VIDRIO TEMPLADO,Y5 2018
VIDRIO TEMPLADO,Y5 2 
VIDRIO TEMPLADO,Y6 2018
VIDRIO TEMPLADO,Y7 2018
VIDRIO TEMPLADO,Y9 2018
VIDRIO TEMPLADO,P8 LITE
VIDRIO TEMPLADO,P9 LITE 2017
VIDRIO TEMPLADO,P9 
VIDRIO TEMPLADO,P9 LITE  
VIDRIO TEMPLADO,HTC M7
VIDRIO TEMPLADO,P20 LITE
VIDRIO TEMPLADO,MATE 10 LITE
VIDRIO TEMPLADO,MATE 20 LITE
VIDRIO TEMPLADO,HTC M8
VIDRIO TEMPLADO,MATE 10  
VIDRIO TEMPLADO,A5
VIDRIO TEMPLADO,MATE 10 PRO
VIDRIO TEMPLADO,HTC M9
VIDRIO TEMPLADO,IPH 4
VIDRIO TEMPLADO,IPH 5
VIDRIO TEMPLADO,IPH 7 ATRAS
VIDRIO TEMPLADO,IPH 8 PLUS ATRAS
VIDRIO TEMPLADO,IPH 7+
VIDRIO TEMPLADO,IPH 7
VIDRIO TEMPLADO,A51
VIDRIO TEMPLADO,"HW/T5 ""10"""
VIDRIO TEMPLADO,P30 LITE
VIDRIO TEMPLADO,"TAB A 2019 ""8"""
VIDRIO TEMPLADO,HW/ T3 7
VIDRIO TEMPLADO,"HW/T3 ""10"""
VIDRIO TEMPLADO,XIAOMI A1
VIDRIO TEMPLADO,XIAOMI RED MI 5 PLUS
VIDRIO TEMPLADO,S3
VIDRIO TEMPLADO,POP C3
VIDRIO TEMPLADO,Z3 COMPAC
VIDRIO TEMPLADO,Z5 MINI
VIDRIO TEMPLADO,Z4
VIDRIO TEMPLADO,Z3
VIDRIO TEMPLADO,Z3 ATRÁS
VIDRIO TEMPLADO,CAT S50
VIDRIO TEMPLADO,Z5 PREMIUN ATRÁS
VIDRIO TEMPLADO,MATE 5
VIDRIO TEMPLADO,NOTE 5
VIDRIO TEMPLADO,POCKET 2
VIDRIO TEMPLADO,"TAB A 2019 ""10"""
VIDRIO TEMPLADO,"UNIVERSAL ""7"""
VIDRIO TEMPLADO,"UNIVERSAL ""8"""
VIDRIO TEMPLADO,J1
VIDRIO TEMPLADO,J1 2016
VIDRIO TEMPLADO,A3 2016
VIDRIO TEMPLADO,A3 2017
VIDRIO TEMPLADO,A7 2016
VIDRIO TEMPLADO,SONY M4
VIDRIO TEMPLADO,S3
VIDRIO TEMPLADO,S3 MINI
VIDRIO TEMPLADO,S5 MINI
VIDRIO TEMPLADO,S5 ACTIVE
VIDRIO TEMPLADO ATRAS,S6
VIDRIO TEMPLADO ATRAS,S6 EDGE
VIDRIO TEMPLADO,A71
VIDRIO TEMPLADO,HTC M10
VIDRIO TEMPLADO,WIN
VIDRIO TEMPLADO,SAM/NOTE 4
VIDRIO TEMPLADO,Y3 2
VIDRIO TEMPLADO,C1
VIDRIO TEMPLADO,MATE 20 PRO
VIDRIO TEMPLADO,GRAND DUO
VIDRIO TEMPLADO,GRAND 3
VIDRIO TEMPLADO,CORE
VIDRIO TEMPLADO,CORE PLUS
VIDRIO TEMPLADO,ACE
VIDRIO TEMPLADO,FAME
VIDRIO TEMPLADO,NOTE 3
VIDRIO TEMPLADO,GRAND 2 
VIDRIO TEMPLADO,GR3
VIDRIO TEMPLADO,GR5
VIDRIO TEMPLADO,P SMART 2018
VIDRIO TEMPLADO,P7
VIDRIO TEMPLADO,P8
VIDRIO TEMPLADO,P20
VIDRIO TEMPLADO,MATE 7
VIDRIO TEMPLADO,MATE 9 LITE
VIDRIO TEMPLADO,MATE 20
VIDRIO TEMPLADO,XIAOMI NOTE 5
VIDRIO TEMPLADO,XIAOMI NOTE 5 PRO
VIDRIO TEMPLADO,MI A2
VIDRIO TEMPLADO,C7
VIDRIO TEMPLADO ATRAS,IPH 6
VIDRIO TEMPLADO ATRAS,IPH 4
VIDRIO TEMPLADO ATRAS,IPH 5
VIDRIO TEMPLADO ATRAS,IPH 6+
VIDRIO TEMPLADO ATRAS,IPH XS MAX
VIDRIO TEMPLADO,A01 CORE
VIDRIO TEMPLADO 44MM,WATCH
VIDRIO TEMPLADO 42MM,WATCH
VIDRIO TEMPLADO 40MM,WATCH
VIDRIO TEMPLADO 38MM,WATCH
VIDRIO TEMPLADO ,IPH 6+
VIDRIO TEMPLADO ,ALCATEL S3
VIDRIO TEMPLADO ,ALCATEL IDOL ALPHA
VIDRIO TEMPLADO ,B MOBILE
VIDRIO TEMPLADO ,MOTO G2
VIDRIO TEMPLADO ,K4
VIDRIO TEMPLADO ,K5
VIDRIO TEMPLADO ,K7
VIDRIO TEMPLADO ,G3
VIDRIO TEMPLADO ,IPH 12
VIDRIO TEMPLADO ,IPH 12 PRO MAX
VIDRIO TEMPLADO ATRAS,IPH 12 PRO ATRÁS
CARGADOR WIN 2.4A/V8,A2201
CARGADOR WIN 2.4A/V8,AC52
CARGADOR WIN 2.4A/C,AC52
CABLE USB WIN/1M/V8,XS07s
"CABLE USB WIN/1,5M/V8",XS07s
CABLE USB WIN/1M/IOS,XS08i
CABLE USB WIN/1M/V8,DKA37
CABLE USB WIN/2M/V8,LS17
CABLE USB WIN/3M/V8,LS30
CABLE USB WIN/1M/C,WC01
CABLE UBS WIN/1M/C,WC60
AUDIFONOS COLORES BOLSA,WIN
CARGADOR WIN 2.4 /V8,A2204
CABLE UBS WIN/1M/C,XS08c
CABLE UBS WIN/1M/IOS,XS07i
CARGADOR WIN 2.1A/V8,AC200
CARGADOR PARA AUTO TIPO C,C20
AUXILIAR TIPO TELA WIN/C,AD01
CARGADOR IPH/3.0/WIN,WD315
CARGADOR TIPO C/3.0/WIN,A1204Q
CARGADOR PORTATIL 20000mah,WQ
CARGADOR PORTATIL 15000mah,CAPSULE II
CARGADOR PORTATIL 10000mah,CAPSULE  
CARGADOR PORTATIL 5000mah,CAPSULE MINI
CABLE USB/1M/C,DKA37
CABLE USB /2M/C,LS18
CARGADOR 2.4/V8,W350
CARGADOR 3.0/C,W400
CABLE /2M /CC,WD10
CARGADOR 3.4/V8,A3303
CARGADOR IPH/2.1A,AC13
AUDIFONOS WIN,D2
CARGADOR PARA AUTO V8,DLC29
CARGADOR PARA AUTO IOS,DLC29
AUDIFONOS WIN,D3
AUDIFONOS WIN,IPH CAJA GRANDE
PARLANTE WIN,A107
"CARGADOR PARA AUTO 3,0/V8",W250
ADAPTADOR USB OTG MINI V8,OTG MINIs
AUXILIAR AAA BOLSA,WIN
AUDIFONO HS05,WIN
AUDIFONO HS607S,WIN
OTG C,WIN
AUDIFONO WIN,C8
CARGADOR 3.4/V8,W5503
AUDIFONO WIN ,HS01
AUDIFONO WIN,WH 110
AUDIFONO WIN,WH440
CABLE IPH/1M/METALICA,WC 60
CABLE TIPO C /1.5M/TELA,LS60
CABLE USB WIN/2M/IPH,LS17
CARGADOR PARA AUTO 3.4A/IPH,C331
AUDIFONO DEPORTIVO,G06
AUDIFONO WIN,H7
AUDIFONO WIN,HS607
AUDIFONO WIN CAJA CHICA,TIPO IPH
CARGADOR CARGA RAPIDA/TIPO C,W300
CARGADOR CARGA RAPIDA/V8,W300
AUDIFONO ,A11
AUDIFONO,A12
CABLE 1M/C,XS07c
PARLANTE WIN,STYLE BB
PARLANTE WIN,STYLE D
PARLANTE WIN,STYLE Z
PARLANTE WIN,STYLE CC
AUDIFONHO WIN,D1
CABLE USB/ 1M/ V8/3.0,XS05
CABLE UBS/ 1M/ V8,RAPTOR LS 03
AUDIFONO BT WIN,WIN 1000
"CARGADOR PARA AUTO 3,0/C",W250
FLASH 16GB/2.0,RISU/16GB
FLASH 32GB/2.0,RISU/32GB
FLASH 32GB/3.0,CENY/32GB
"FLASH 64GB/3,0",CENY/64GB
"FLASH 128GB/3,0",CENY/128GB
"FLASH/OTG 16GB/2,0",CAM/16GB
FLASH OTG 32GB/3.0,CAM/32GB
FLASH OTG 64GB/3.0,CAM/64GB
CARGADOR QUALCOMM CARGA RAPIDA/PTO USB+PD,W302 PD
CARGADOR EN AUTO/PUERTO PD TIPO C/18W,WD31 PD
CARGADOR QC USB+PD CARGA RAPIDA/18W,WD200 PD
CARGADOR EN AUTO/2PT.USB/DC IN 12-24V/CABLE IOS,C20i
CARGADOR EN AUTO 3.4A/2PT.USB/DC IN 12-24V/TIPO C,C331c
CARGADOR PORTATIL 20000mah (KONFULON),
CABLE USB LDNIO/2M/IOS,LS01
CABLE USB LDNIO/2M/V8,LS01
CABLE USB LDNIO/2M/IOS,SY05
CABLE USB LDNIO/2M/V8,SY05
H&L CARGADOR 2.4/V8,A2201
CABLE USB 1M V8,H&L XS07
CABLE USB 1M C,H&L XS07
CABLE USB 1M IOS,H&L XS07
CARGADOR 2.4/C,A2201
AUDIFONO BT ,EWTTO/A4824
AUDIFONO BT ,EWTTO/A4357
AUDIFONO BT ,EWTTO/A4293
SOPORTE PARA BICI,EWTTO/E0262
MOUSE,EWTTO/M3664
CARGADOR 2 PUERTO,EWTTO/E6712
CARGADOR 3 PUERTO,EWTTO/E6743
CARGADOR 2 PUERTO QUALCOM 3.0/C,LELONG/LE516
CARGADOR 2 PUERTo /C,lelong/le228c
TECLADO Y RATON GAMER,
"CARGADOR 2 PUERTO /3,0/V8",LELONG/LE522V
AGENDA DISEÑO MUJER,A10
AGENDA COLOR ENTERO,A10
AGENDA COLOR ENTERO DISEÑO MK,A10
SILICONA CASE GAMUSADA COLOR CAJA,A10
SILICONA DISEÑO MUJER BLANDA,A10
SILICONA DISEÑO OSO + POPSOCKERT CORAZON,A10S
SILICONA CASE GAMUSADA 1RA BOLSA,A10
SILICONA CASE GAMUSADA 2DA BOLSA,A10
PLASTICO DISEÑO MUJER,A10
REFORSADA 3 EN 1 COLORES,A10
SILICONA DISEÑO OSO + POPSOCKERT CORAZON,A50
DOBLES COLOR ENTERO,A10
SILICONA AGUA BRILLO C/ POPSOKET,A10
SILICONA AGUA BRILLO,A10
GAMUSADA COLORES CAJA,A10S
SILICONA BRILLO REFORSADA,A10S
DOBLES COLOR ENTERO,A10S
SILICONA DISEÑO OSO + POPSOCKERT CORAZON,A01
SILICONA SEMITRANS COLORES CAJA,A10S
SILICONA DISEÑO OSO + POPSOCKERT CORAZON,A21S
SILICONA SENCILLA FIBRA DE CARBONO,A10S
SILICONA TORNASOL,A10S
GAMUSADA COLORES CAJA,A20S
SILICONA SEMITRANS COLORES CAJA,A20S
DOBLES REFORSADA ANILLO,A20S
DOBLES COLOR ENTERO,A20S
GAMUSADA COLORES BOLSA,A20S
DOBLES DISEÑO MUJER,J5 
SILICONA GAMUSADA SEMIORIGINAL DE 1RA,A30
SILICONA GAMUSADA SEMIORIGINAL DE 2DA,A30
GOMA GATO POMPON,A30
PLASTICO DISEÑO MUJER,A30
SILICONA DISEÑO MUJER BLANDA,A30
SILICONA AGUA BRILLO C/ POPSOKET,A30
SILICONA DISEÑO OSO + POPSOCKERT CORAZON,A01 CORE
SILICONA GAMUSADA SEMIORIGINAL DE 2DA,A50
SILICONA SEMITRANS COLORES CAJA,A50
SILICONA SEMITRANS COLORES BOLSA,A50
SILICONA SENCILLA BOROFONE,A50
SILICONA AGUA BRILLO C/ POPSOKET,A50
DOBLES REFORSADA ANILLO,A50
REFORSADA TRANSFORMER,A50
REFORSADA 3 EN 1 COLORES,A50
SILICONA TORNASOL,IPH 6
SILICONA TORNASOL,IPH 7
SILICONA TORNASOL,IPH 11 PRO MAX
SILICONA ORIGINAL TRANSPARENTE,IPH 11 PRO MAX
SILICONA TORNASOL,IPH 11
SILICONA ORIGINAL TRANSPARENTE,IPH 11
SILICONA TORNASOL,IPH 11 PRO
SILICONA ORIGINAL TRANSPARENTE,IPH 11 PRO
SILICONA TRANS BORDE COLOR,IPH 11 PRO
GOMA MONO TABLET,UNIVERSAL
GOMA MARIPOSA TABLET,UNIVERSAL
SILICONA SEMITRANS COLORES CAJA,IPH 11 PRO
DOBLES DISEÑO HOMBRE CON POPSOCKET,J2 PRIME
DOBLES DISEÑO HOMBRE,J2 PRIME
GOMA COLOR ENTERO,J2 PRIME
DOBLES METALICAS MOTOMO,J2 PRIME
GOMA GATO POMPON,Y9 2019
COLOR ENTERO GT CASE,J2 PRIME
GOMA MUÑECO,J2 PRIME
GOMA GATO,"TAB A 2016 ""7"""
SILICONA COLORES CAJA,J2 PRIME
SILICONA DISEÑO MUJER,J2 PRIME
SILICONA SENCILLA COLORES,J2 PRIME
SILICONA RELIEVE COLORES PARADOR,J2 PRIME
SILICONA ANILLO,J2 PRIME
ACRILICA DISEÑO MUJER ANILLO,J4+
SILICONA BRILLO ANILLO,J4+
GOMA COLOR ENTERO,"TAB A 2016 ""7"""
REFORSADA TRANSFORMER,J4+
SILICONA COLORES CAJA,J4+
SILICONA GAMUSADA CAJA COLOR MALLA,J4+
DOBLES DISEÑO MUJER,J4+
GOMA GATO POMPON,J4+
ACRILICA MAGNETICA,J4+
ACRILICA MAGNETICA,J6+
DISEÑO MUJER,J6+
REFORSADA TIPO CAT SPIGEN,J6+
SILICONA GAMUSADA BOLSA,J6+
SILICONA BRILLO ANILLO,J6+
DOBLES COLOR ENTERO,J6+
DOBLES COLOR ENTERO RELIEVE,J6+
AGENDA DISEÑO HOMBRE,J7
BATERIA,J7
COLOR ENTERO GT CASE,J7
DOBLES COLOR ENTERO,J7
DOBLES COLORES ENTERO MOTOMO,J7
DOBLES DISEÑO HOMBRE,J7
DOBLES DISEÑO MUJER,J7
DOBLES METALICA MOTOMO,J7
GOMA COLOR ENTERO,J7
GOMA GATO,J7
GOMA MUÑECO,J7
REFORSADA TIPO CAT SPIGEN,J7
SILICONA AGUA BRILLO,J7
GOMA GATO,J8
GOMA GATO POMPON,J8
ACRILICA DISEÑO HOMBRE,J8
AGENDA DISEÑO HOMBRE,J8
SILICONA SENCILLA TIPO CUERO,J8
SILICONA BRILLO LENTEJUELA,J8
DOBLES COLOR ENTERO,J8
AGENDA UNICORNIO,J5 PRIME
AGENDA COLOR ENTERO,J5 PRIME
GOMA MUÑECO,J5 PRIME
SILICONA AUTOFOCUS ANILLO CALIDAD,J5 PRIME
DISEÑO MUJER IFACE CAJA,J5 PRIME
DOBLES COLOR ENTERO,J5 PRIME
GOMA 360 COLOR ENTERO,J5 PRIME
AGENDA DISEÑO MICKY,J5 PRIME
SILICONA SENCILLA COLOR CAJA,J5 PRIME
DOBLES DISEÑO MUJER,J5 PRIME
SILICONA 360 TRANSPARENTE,J5 PRIME
ACRILACA DISENO HOMBRE RELIEVE,J5 PRIME
DOBLES DISEÑO MUJER,J7 PRIME
SILICONA GAMUSADA COLOR BOLSA,J7 PRIME
AGENDA DISEÑO HOMBRE,J7 PRIME
AGENDA DISEÑO MUJER,J7 PRIME
DOBLES COLOR ENTERO ,J7 PRIME
DOBLES STIGEN,J7 PRIME
 DOBLES COLOR ENTERO,J7 PRIME
DOBLES DISEÑO MUJER,J7 PRIME
SILICONA SENCILLA COLOR ,J7 PRIME
DOBLES DISEÑO HOMBRE,J7 PRIME
REFORSADA PARADOR,J7 PRIME
SILICONA BRILLO OREJAS,J7 PRIME
SILICONA PIEL OREJA,J7 PRIME
AGENDA COLOR ENTERO,"TAB A 2016 ""7"""
DOBLES DISEÑO MUJER,J2 CORE
AGENDA COLOR ENTERO ,"T1 ""7"""
GOMA COLOR ENTERO,"T1 ""7"""
GOMA COLOR ENTERO PARADOR,UNIVERSAL 7
SILICONA COLOR ENTERO,"HW/T3 ""7"""
DOBLES DISEÑO HOMBRE,J1 ACE
TIPO CAT CON ANILLO ,Y5 2018
GOMA GATO POMPON,J1 ACE
TIPO CAT CON ANILLO  ,REDMI NOTE 8
SILICONA GAMUZA CAJA FASHION,IPH 6
DOBLES DISEÑO HOMBRE ,J5  
SILICONA AGUA BRILLO,J5 2016
SILICONA BRILLO ANILLO,Y9 PRIME
GOMA UNIVERSAL GUITARRA,"""7"""
SILICONA DISEÑO POPSOCKET MARIPOSA,A20S
ANTI AGUA ,***
SILICONA TRANSPARENTE ,P30 LITE
DOBLE METALICA,J1 ACE
AGENDA DISEÑO ,MATE 20 LITE
SILICONA DEGRADADO,J2 PRO
AGENDA COLOR ENTERO,J2 PRIME
GOMA GATO POMPON,P20 LITE
DOBLES DISEÑO ,P9 LITE
SILICONA AUTOFOCUS ANILLO CALIDAD,MATE 10 LITE
SILICONA GAMUZA,A51
GOMA UNIVERSAL MANITOS,"""7"""
DOBLES DISEÑO MUJER,Y5 2019
TIPO TRANSFORMER,Y5 2019
SILICONA DISEÑO POPSOCKET MARIPOSA,A21S
SILICONA GAMUZA COLOR BOLSA,IPH 7+
DOBLE COLOR ENTERO BOROFONE,A20S
TIPO CAT CON ANILLO,Y6 2019
SILICONA GAMUZA POPSOCKET FLOR,A21S
SILICONA SEMITRANSPARENTE BOLSA,A20S
DOBLES TEXTURADOCOLOR ENTERO,A01 CORE
DOBLES DISEÑO HOMBRE ANILLO,Y9 2019
TIPO CAT CON ANILLO ,Y5 2019
DOBLES DISEÑÓ ,S5 MINI
DOBLES STIGEN,J2 PRIME
AGENDA COLOR ENTERO,A01
SILICONA GAMUZA COLORES,MI 9T
DOBLES COLOR ENTERO MARCA,J2 PRIME
DOBLES DISEÑO HOMBRE,J7 PRO
TIPO TRANSFORMER,Y6 2019
SILICONA AUTOFOCUS ANILLO CALIDAD,P20 LITE
SILICONA SENCILLA COLOR ENTERO,Y9 2019
AGENDA COLOR ENTERO MK ROSA,A10
AGENDA UNIVERSAL CIERRE,"""7"""
SILICONA TRANSPARENTE,MIA 2 LITE
AGENDA DISEÑO HOMBRE,"T3 ""10"""
SILICONA GAMUZA CAJA,A10
SILICONA BRILLO ANILLO,A10
DISEÑO MUJER LLAVERO,A10
DISEÑÓ HOMBRE ANILLO,A10
AGENDA DISEÑO HOMBRE,"T5""10"""
AGENDA COLOR ENTERO,MATE 10 PRO
AGENDA COLOR ENTERO,J4 2018
FUNDA DE CINTURON,5.0 PARADO
SILICONA COLOR ENTERO NEW CASE,S8+
SILICONA SUPERAZ,MATE 20LITE
SILICONA NEGRA GAMUZA TOTALES,Y5 2018
SILICONA GAMUZADA,MIA 2 LITE
AGENDA COLOR ENTERO,A50
DOBLES DISEÑO HOMBRE+ POPSOKET,A01 CORE
SILICONA GAMUZA ORIGINAL,MATE 10 LITE
SILICONA DISEÑO MUJER,J2 CORE
SILICONA GAMUZA BOLSA,MI 9
SILICONA SUPERAZ,J2 PRIME
DOBLES REFORSADA U,S4 MINI
AGENDA DISEÑO HOMBRE,J1 ACE
AGENDA DISEÑO HOMBRE,J2 PRO
AGENDA TELA COLORES,J2 PRO
AGENDA DISEÑO MUJER BRILLO,J7 PRIME
SILICONA BRILLO POPSOCKET,A71
SILICONA COLOR ENTERO CAJA,Y9 PRIME
SILICONA COLOR ENTERO FASHION CAJA,P20 LITE
TIPO TRANSFORMER,P30 LITE
AGENDA AGUA BRILLO,Y9 2019
AGENDA DISEÑO HOMBRE,"TAB A 2019 ""10"""
DOBLES COLOR ENTERO BOROFONE,A10S
AGENDA DISEÑO MUJER,"TAB A 2019 ""10"""
SILICONA SEMITRANSPARENTE BOLSA,A10S
SILICONA COLOR ENTERO + VIDRIO,A10S
SILICONA COLOR ENTERO BOLSILLO,A10S
SILICONA GAMUZA BOLSA,A10S
AGENDA COLOR ENTERO,A10S
GOMA MUÑECO MONEDERO,A10S
SILICONA GAMUZA BOLSA,NOTE 10+
AGENDA MK COLORES,P20 LITE
AGENDA TELA COLORES,GRAND NEO
DOBLES DISEÑO HOMBRE + POPSOKET,J2 CORE
TIPO TRANSFORMER,REDMI NOTE 8
SILICONA SENCILLA COLOR ENTERO,Y9 PRIME
GOMA GATO POMPON,P30 LITE
SILICONA AUTOFOCUS CAJA,Y9 2018
DISEÑO MUJER DURA,A30
DISEÑO MUJER LLAVERO,A30
DISENO HOMBRE ANILLO,A30
REFORSADA 3 EN 1 COLOR ENTERO,A30
REFORSADA COLOR ENTERO,A30
SILICONA SENCILLA COLOR ENTERO,A30
SILICONA SENCILLA ANILLO,A30
AGENDA DISEÑO MUJER,A30
AGENDA COLOR ENTERO FLORES,A30
AGENDA DISEÑO MUJER,"T3 ""10"""
SILICONA GAMUZA CAJA CERRADA,A20S
AGENDA DISEÑO MUJER,"T5""10"""
SILICONA SENCILLA COLOR ENTERO,A20S
TIPO TRANSFORMER,A20S
SILICONA GAMUZA CAJA,A50
GOMA GATO POMPON,MATE 10 LITE
ACRILICA MAGNETICA,A50
SILICONA GAMUZA DE 1RA BOLSA,A50
DOBLES TIPO CAT SPIGEN,J2 PRIME
SILICONA GAMUZADA FASHION,A50
DISEÑO MUJER PLASTICO,A50
SILICONA BRILLO ANILLO,A50
DOBLES DISEÑO MUJER,A50
DOBLES DISEÑO HOMBRE,A50
REFORZADA COLOR ENTERO BOROFONE,A50
SILICONA TIPO CUERO ,A50
SILICONA 360  ,A50
ACRILICA TRANSPARENTE ANILLO,A50
SILICONA SENCILLA,A50
SILICONA FIBRA DE CARBONO,A50
GOMA MUÑECO MONEDERO,A50
AGENDA AGUA BRILLO,A50
AGENDA DISEÑO MUJER,A50
DOBLES DISEÑO MUJER + POPSOCKET,J2 CORE
DOBLES DISEÑO HOMBRE ,J7 2016
AGENDA DISEÑO MUJER,"TAB A 2019 ""8"""
DOBLES DISENO HOMBRE + POPSOCKER+VIDRIO,A51
DOBLES DISEÑO MUJER + POPSOCKET,A20S
TIPO CAT CON ANILLO ,A51
TIPO TRANSFORMER,Y5 2018
DOBLES DISENO HOMBRE  ,J5 2016
DOBLES DISEÑO HOMBRE + POPSOKET,A20S
SILICONA BRILLO,J7
SILICONA GAMUZADA BOLSA,IPH 6
DOBLES DISEÑO MUJER + POPSOCKET,Y5 2018
SILICONA BRILLO ANILLO,J5 PRO
DOBLES COLOR ENTERO,A70
SILICONA FIBRA DE CARBONO,A70
DISENO MUJER PLASTICO,A70
SILICONA DISEÑO ANILLO BRILLO,A70
TIPO CAT MOTOMO,J7 PRO
SILICONA DISEÑO MUJER,J5 PRIME
SILICINA SEMITRANSPARENTE CAJA,IPH 7
ESPALDAR DISEÑO MUJER,A5
MAGNETICA ACRILICA,REDMI NOTE 8
AGENDA DISEÑO HOMBRE,J6 2018
DOBLES DISEÑO MUJER,J5 PRO
SILICONA SENCILLA S,J5 PRIME
SILICONA ORIGINAL CAJA,IPH 6
SILICONA SEMITRASPARENTE DISEÑO MUJER,J1 ACE
GOMA GATO POMPON,Y7 2018
SILICONA TRANSPARENTE COLOR,GRAND 2 
SILICONA SEMITRANSPARENTE ,J5
SILICONA BRILLO AGUAELAS,J5
AGENDA MAGNETICA ,Y6 2019
GOMA UNICORNIO,J8
DOBLES COLOR ENTERO ANILLO,Y9 2019
SILICONA BRILLO OJUELAS,P20 LITE
DOBLES DISEÑO MUJER,J7 PRO
DOBLES COLOR ENTERO MARCA  ,Y5 2019
SILICONA COLOR ENTERO ANILLO,Y5 2019
SILICONA DISEÑO HOMBRE,Y7 2018
DOBLES DISEÑO MUJER + POPSOCKET,Y5 2019
TIPO TRANSFORMER,A70
NEW CASE PARADOR,A70
DOBLES TIPO CUERO,P30 LITE
SILICONA COLOR ANILLO MARCA,P30 LITE
GAMUZA DE CAJA,P30 LITE
SILICONA COLOR ENTERO ,P10
DOBLES DISEÑO HOMBRE,P10
SILICONA AGUA BRILLO,P8 LITE 2017
SILICONA BRILLO,P8 LITE 2017
DOBLES DISEÑO HOMBRE,P9 LITE 2017
DOBLES DISEÑO MUJER,P9 LITE 2017
GOMA GATO POMPON,P9 LITE 2017
DOBLES DISEÑO ,P8  
AGENDA COLOR ENTERO,P8 LITE  
DOBLES DISEÑO HOMBRE,P8 LITE
DOBLES DISEÑO MUJER,P8 LITE
DOBLES COLOR ENTERO,P8 LITE
DOBLES DISENO HOMBRE,P9
DOBLES DISEÑO MUJER,P9
SILICONA AGUA BRILLO OREJAS,Y5 2017
DISENO MUJER LLAVERO,Y5 2017
DOBLES DISEÑO MUJER,Y5 2017
SILICONA SENCILLA,Y5 2017
DOBLES DISENO HOMBRE,Y5 2017
DOBLES COLOR ENTERO MOTOMO,Y5 2017
SILICONA BRILLO OREJAS,P10 LITE
DOBLES DISENO MUJER,P10 LITE
AGENDA DISEÑO MUJER,P10 LITE
DOBLES DISEÑO HOMBRE,P10 LITE
AGENDA DISEÑO HOMBRE,P10 LITE
GOMA 360 COLOR ENTERO,P10 LITE
GOMA 360 COLOR ENTERO,Y5 LITE 2017
DOBLES DISEÑO MUJER,Y5 2
DOBLES DISEÑO HOMBRE,Y5 2
DOBLES COLOR ENTERO MOTOMO,P9 PLUS
GOMA 360 COLOR ENTERO,P10 PLUS
DOBLES COLOR ENTERO IFACE,P8 LITE
SILICONA TRANSPARENTE,P10 PLUS
AGENDA COLOR ENTERO,P10 PLUS
DOBLES DISEÑO HOMBRE,P8 LITE 2017
DOBLES DISEÑO MUJER,P9  LITE SMART
DOBLES COLOR ENTERO RELIEVE,P9 LITE SMART
DOBLES COLOR ENTERO DREYCOM,P9 LITE SMART
SILICONA BRILLO DISENO DE 1RA,IPH 11 PRO
SILICONA AGUA BRILLO,MATE 9 LITE
DOBLES DISEÑO MUJER,MATE 9 LITE
AGENDA COLOR ENTERO,Y6 2
DOBLES DISEÑO HOMBRE,Y6 2
DOBLES DISEÑO,Y7 PRIME
SILICONA TRANSPARENTE,Y7 PRIME
SILICONA COLORES MOTOMO,Y6
GOMA MUÑECO,Y7
DOBLES DISEÑO,GR3
DOBLES DISEÑO MUJER,B MOBILE 
AGENDA COLOR ENTERO,HONOR 4A
AGENDA COLORES TELA,NOVA PLUS
DOBLES COLOR ENTERO MOTOMO,M5
AGENDA COLOR ENTERO,G4
DOBLES DISEÑO,S6
AGENDA COLOR ENTERO HUAWEI,Y5 2019
SILICONA SENCILLA COLORES ,Y5 2019
AGENDA COLOR ENTERO,A20S
GOMA GATO POMPON,A70
SILICONA GAMUZA DE 1RA BOLSA,A70
SILICONA GAMUZADA COLORES BOLSA,A70
SILICONA GAMUZADA COLORES CAJA,A70
SILICONA GAMUZADA COLORES BOLSA INOVA,A70
SILICONA SENCILLA BOROFONE,A70
SILICONA AGUA BRILLO C/ POPSOKET,A70
ACRILICA MAGNETICA,A70
ACRILICA TRANSPARENTE ANILLO,A70
GOMA COLOR ENTERO,A70
AGENDA DISEÑO MUJER,A70
AGENDA COLOR ENTERO,A70
SILICONA COLOR ENTERO ANILLO,A2 CORE
SILICONA COLOR ENTERO ANILLO NEW,A2CORE
IFACE CAJA,J1 ACE
GOMA MUÑECO ,J1 ACE
GOMA CHINELA,J1 ACE
DOBLES DISENO MUJER,J1 ACE
DISEÑO HOMBRE,J1 ACE
COLOR ENTERO GT CASE,J1 ACE
TIPO CAT,J1 ACE
SILICONA BRILLO,J1 ACE
AGENDA COLOR ENTERO PANTALLA,J1 ACE
AGENDA COLOR ENTERO BORCHE,J1 ACE
AGENDA DISENO PANTALLA,J1 ACE
AGENDA COLOR ENTERO RELIEVE,J1 ACE
AGENDA COLOR ENTERO ,P30 LITE
AGENDA COLOR ENTERO ,J5 
AGENDA COLOR ENTERO ,P20 LITE
DOBLES COLOR ENTERO INOVA,REDMI NOTE 8
SILICONA COLOR ENTERO DREYCOM,J2 CORE
TIPO TRANSFORMER,J6+
DOBLES DISEÑO MUJER + POPSOCKET,Y6 2019
SILICONA GAMUZA CAJA,A11
DOBLES DISEÑO ,J2 PRO
DOBLES TIPO METALICA MOTOMO,J2 PRO
AGENDA COLOR ENTERO,A02
SILICONA SENCILLA NEGRA,J2 PRIME
AGENDA COLOR ENTERO,A52
DOBLES METALICAS,J2 PRIME
DOBLES COLOR ENTERO MOTOMO,J2 PRIME
SILICONA TRANSPARENTE,J2 PRIME
DOBLES DISEÑO HOMBRE,J5 PRO
SILICONA DISEÑO FERRARI,A9 2018
SILICONA BRILLO ANILLO,J4 2018
SILICONA DURA ANILLO IFACE,J4 2018
SILICONA NEGRA TIPO CUERO,J4 2018
TIPO TRANSFORMER,J4 2018
DISEÑO HOMBRE ANILLO,J4 2018
AGENDA DISEÑO MUJER,J4 2018
AGENDA COLOR ENTERO MK ,J6 2018
DOBLES DISEÑO HOMBRE,J6 2018
ACRILICA DISEÑO HOMBRE,J6 2018
SILICONA DE PRIMERA ANILLO,J5 PRO
SILICONA GAMUZA ORIGINAL,J5 PRO
SILICONA GAMUZA CAJA COLORES,J5 PRO
SILICONA DEGRADADO,J5 PRO
SILICONA BRILLO OREJAS,J5 PRO
GOMA GATO,J5 PRO
GOMA COLORES MARCA,J5 PRO
DOBLES METALICA,J5 PRO
DOBLES COLOR ENTERO HMASTON,J5 PRO
AGENDA DISEÑO COSTURA,J5 PRIME
AGENDA BRILLO,J5 PRIME
AGENDA TIPO TELA,J5 PRIME
AGENDA UNICORNIO,J5 PRO
SILICONA SEMITRANSPARENTE DISEÑO ,J2
SILICONA COLORES,J5
SILICONA DISEÑO MUJER,J5
DOBLES COLOR ENTERO,J5
ACRILICA DISEÑO HOMBRE,J5 2016
AGENDA COLOR ENTERO,A72
AGENDA TIPO TELA,J7 2016
SILICONA BRILLO ANILLO,J7
SILICONA BRILLO DISEÑÓ,J7
SILICONA TRANSPARENTE ,J7 PRIME
SILICONA TRANSPARENTE BORDES,J7 PRIME
DOBLES METALICAS,J7 PRIME
COLOR ENTERO GT CASE,J7 PRIME
SILICONA GAMUZA COLOR CAJA,J7 PRIME
SILICONA NEW CASE,J7 PRIME
AGENDA DISEÑO COSTURA,J7 PRIME
AGENDA DISEÑO HOMBRE,"HW T3 ""7"""
GOMA GATO,J7 PRO
SILICONA BRILLO OREJAS,J7 PRO
SILICONA GAMUZA CAJA,J7 PRO
SILICONA SENSILLA MARCA,J7 PRO
TIPO CAT SPIGEN,J7 PRO
DOBLES STIGEN,J7 PRO
TIPO METALICAS,J7 PRO
DOBLES 3EN1 REFORSADA,A30
SILICONA COLOR MAS VIDRIO,A30
AGENDA COLOR ENTERO MARCA SAMSUNG,A30
SILICONA BRILLO ANILLO,J8
DOBLES DISEÑO MUJER,J8
SILICONA ANILLO NEW,A70
AGENDA COLOR ENTERO,J1 ACE
AGENDA COLOR ENTERO,J7 PRO
AGENDA COLOR ENTERO,J7 PRIME
AGENDA COLOR ENTERO,A51
AGENDA COLOR ENTERO,A71
SILICONA GAMUZA BOLSA,MI 6 PRO
SILICONA SEMI TRANSPARENTE MARCA,Y5 2019
SILICONA TRANSPARENTE 360,Y5 2019
AGENDA COLOR ENTERO ,Y5 2019
DOBLES DISEÑO HOMBRE,Y5 2018
AGENDA COLOR ENTERO,Y5 2018
DISEÑO MUJER LLAVERO,Y6 2019
SILICONA GAMUZA CAJA,Y6 2019
SILICONA COLOR ENTERO MOLANCANO,Y6 2019
DISEÑO HOMBRE ANILLO,Y6 2019
AGENDA COLOR ENTERO ,Y6 2019
SILICONA SUPERAZ,Y7 2019
SILICONA MOLANCANO,Y7 2019
AGENDA DISEÑO MUJER,Y7 2019
AGENDA COLLOR ENTERO,Y7 2019
SILICONA TIPO CUERO CAJA,Y7 2018
SILICONA DISENO MUJER,Y7 2018
DOBLES DISEÑO MUJER,Y7 2018
AGENDA DISENO PANTALLA,Y7 2018
AGENDA GUCCI,Y7 2018
DOBLES DISEÑO MUJER,Y5 2018
DOBLES DISEÑO HOMBRE,Y9 2019
SILICONA BRILLO ,Y9 2019
ACRILICA MAGNETICA,Y9 2019
SILICONA TRANSPARENTE,Y9 2019
SILICONA 360,Y9 2019
AGENDA COLOR ENTERO COSTURA,Y9 2019
AGENDA COLOR ENTERO,Y9 2019
SILICONA SUPERAZ,Y9 2019
MAGNETICA ACRILICA,Y9 PRIME
TIPO TRANSFORMER,Y9 PRIME
TIPO CAT ANILLO,Y9 PRIME
SILICONA COLOR ENTERO VIDRIO,Y9 PRIME
AGENDA COLOR ENTERO,Y9 PRIME
SILICONA DISEÑO MUJER,Y9 2018
DOBLES DISEÑO MUJER,Y9 2018
SILICONA TRANSPARENTE,Y9 2018
DOBLES DISEÑO HOMBRE POPSOCKET,Y9 2018
DOBLES COLOR ENTERO PARADOR,Y9 2018
TIPO TRANSFORMER,Y9 2018
AGENDA COLOR ENTERO,Y9S
AGENDA COLOR ENTERO,NOTA 5T
SILICONA SUPERAZ,P SMAT 2019
SILICONA GAMUZA CAJA,P20 LITE
SILICONA AGUA BRILLO,P20 LITE
DOBLES DISEÑO MUJER,P20 LITE
SILICONA SENCILLA COLORES,IPH 6
DOBLES DISEÑO HOMBRE,P20 LITE
SILICONA DISEÑO HOMBRE,P20 LITE
TIPO CAT,P20 LITE
SILICONA DISEÑO FERRARI,P20 LITE
SILICONA ANILLO IFACE,P20 LITE
AGENDA DISEÑO MUJER,P20 LITE
AGENDA DISENO HOMBRE,P20 LITE
SILICONA MOLANCANO,P30 LITE
SILICONA COLORES MARCA,P30 LITE
SILICONA COLORES,P30 LITE
SILICONA RELIEVE MARCA,P30 LITE
SILICONA SEMITRANSPARENTE MARCA,P30 LITE
DOBLES DISEÑO HOMBRE,P30 LITE
AGENDA DISENO MUJER,P30 LITE
AGENDA MAGNETICA ,P30 LITE
DOBLES DISEÑO HOMBRE POPSOCKET,P20
SILICONA DE PRIMERA ANILLO,P20
SILICONA TRANSPARENTE,P20 PRO
DOBLES DISEÑO HOMBRE POPSOCKET,P20 PRO
TIPO CAT,P20 PRO
GOMA GATO POMPON,P30
SILICONA RELIEVE MARCA,P30 PRO
SILICONA GAMUZA CAJA,P30 PRO
DOBLES DISEÑO MUJER,MATE 10 LITE
DOBLES METALICA MOTOMO,MATE 10 LITE
AGENDA COLOR ENTERO,MATE 10 LITE
SILICONA COLOR ENTERO TIPO CUERO,MATE 10
SILICONA DEGRADADO,MATE 10
ACRILICA TRANSPARENTE BORDES,MATE 10
GAMUZA ORIGINAL,MATE 10 PRO
SILICONA COLOR ENTERO ANILLO,MATE 20 LITE
SILICONA ORIGINAL,MATE 20 LITE
SILICONA SENCILLA MALLA COLOR,MATE 20 LITE
SILICONA GAMUZA BOLSA,MATE 20 LITE
AGENDA COLOR ENTERO,MATE 20 LITE
SILICONA TRANSPARENTE,A5 2017
SILICONA BRILLO ,A5 2017
AGENDA COLOR RELIEVE ROSAS,A5 2017
AGENDA COLOR ENTERO,A5 2017
DISEÑO MUJER LLAVERO,A5 2017
SILICONA TRANSPARENTE 360,A5 2017
GOMA 360 COLOR ENTERO,A5 2017
DOBLES TEXTURADOCOLOR ENTERO MOTOMO,A01
DOBLES COLOR ENTERO ANILLO,A10S
GOMA DISEÑO ,S4 MINI
SILICONA SENCILLA COLOR ENTERO,S7 EDGE
GOMA COLOR ENTERO,S7 EDGE
SILICONA COLOR ENTERO CAJA,S7 EDGE
SILICONA TIPO CUERO COLOR ENTERO ,S7 EDGE
SILICONA BRILLO,S7 EDGE
ACRILICA AGUA BRILLO,S7 EDGE
SILICONA DISENO MUJER,S7 EDGE
ACRILICONA DISEÑO MUJER,S7 EDGE
SILICONA DISEÑO HOMBRE,S7 EDGE
SILICONA TRANSPARENTE,S7 EDGE
DOBLES METALICA MOTOMO,S7 EDGE
DOBLES COLOR ENTERO,S7 EDGE
AGENDA BRILLO,S7 EDGE
SILICONA DISENO METALICO,S7 EDGE
AGENDA MK  ,S7/S6 EDGE PLUS
SILICONA BORDES TRANSPARENTE,S7 EDGE
AGENDA COLOR ENTERO ,"TAB A 2019 ""8"""
SILICONA DISEÑO MUJER,S3 MINI
AGEDNA COLOR ENTERO,S3 MINI
SILICONA COLOR ENTRO,S3 MINI
ACRILICA AGUA ,S3 MINI
DOBLES COLORES ,S3 MINI
COLOR ENTERO SPIGEN,S3 MINI
SILICONA BRILLO,S3 MINI
GOMA DISEÑO ,S3 MINI
ACRILICA DISEÑO MUJER ,S3 MINI
DOBLES DISENO,S3
DOBLES MAD,S3
SILICONA BRILLO,Z2
DOBLES COLORES,S4 MINI
COLOR ENTERO SPIGEN,S4 MINI
ACRILICA DISEÑO MUJER,S4 MINI
DOBLES DISENO MUJER,S4 MINI
SILICONA DISEÑO HOMBRE,S4 MINI
GOMA DISEÑO ,S4
GOMA DISEÑO ,S5 MINI
DOBLES DISEÑO ,K10
COLOR COLOR ENTERO IFACE,A3 2016
GOMA DISEÑO ,A3 2016
ESPALDAR DISEÑO MUJER,A3
AGENDA COLOR ENTERO ,A5 2016
COLOR ENTERO IFACE,A7 2016
SILICONA SEMI TRANSPARENTE COLORES,A7 2016
SILICONA TRANSPARENTE,A7 2016
SILICONA BRILLO,A7 2016
AGENDA COLOR ENTERO,A7 2016
AGENDA COLOR ENTERO RELIEVE FLORES,A7 2017
AGENDA COLORES TELA,A7 2017
SILICONA TRANSPARENTE,A7 2017
SILICONA AGUA BRILLO,A7 2017
SILICONA GAMUZA CAJA,A9 2018
ACRILICA MAGNETICA,A9 2018
SILICONA DISEÑO ,J1
DOBLES DISENO ,J1
SILICONA SEMITRANSPARENTE,J1
SILICONA COLOR ENTERO RELIEVE,J1
DOBLES DISEÑO ,J1 MINI
SILICONA BRILLO,J1 MINI
DOBLES DISEÑO ,ACE 4/J1 MINI PRIME
GOMA DISEÑO,ACE 4/J1 MINI PRIME
DOBLES COLOR ENTERO IFACE,J1 2016
SILICONA TRANSPARENTE,J1 2016
AGENDA COLOR ENTERO,J1 2016
SILICONA BRILLO ,J1 2016
SILICONA TRANSPARENTE,Z2
DOBLES STIGEN,Z3
SILICONA COLORES,NOTE 4
DOBLES COLOR ENTERO ,NOTE 4
DISEÑO HOMBRE,UNIVERSAL
DISEÑO MUJER,UNIVERSAL
GOMA MUÑECO,A5 2016
DOBLES STIGEN,S6 EDGE PLUS
DOBLES STIGEN,Z3 MINI COMPACT
AGENDA COLOR ENTERO,ACE 4/J1 MINI PRIME
DOBLES DISEÑO MUJER,A5
DOBLES DISEÑO ,J3 PRIME
SILICONA COLORES,S4 MINI
SILICONA COLOR ENTERO,S5
GOMA COLORES,S5
METALICAS COLOR ENTERO,S5
GOMA MUÑECO,S6
SILICONA BRILLO,S6
SILICONA TRANSPARENTE 360,S6
ACRILICA TRANSPARENTE,S6
ACRILICA ESPALDAR MALLA,S6
SILICONA COLOR ENTERO,S6 EDGE
AGENDA DISENO MUJER,S6 EDGE
ESPALDAR DISEÑO MUJER,S6 EDGE PLUS
AGENDA COLOR ENTERO MK,S6 EDGE PLUS
SILICONA TRANSPARENTE,S6 EDGE PLUS
SILICONA TRANSPARENTE CAJA,S6 EDGE PLUS
TIPO METALICAS,S7
SILICONA DE PRIMERA,S7
SILICONA AGUA BRILLO,S7
SILICONA BRILLO,S7
GOMA COLOR ENTERO,S7
DOBLES DISENO,S7
SILICONA 360,S7
AGENDA COLOR ENTERO,S7
AGENDA COLOR ENTERO MK,S7
AGENDA UNIVERSAL DISEÑO,"""7"""
COLOR ENTERO MOTOMO,P9 LITE
GOMA MUÑECO,P9
GOMA MUÑECO,A3
DOBLES COLOR ENTERO,A3
DOBLES DE GOMA BRILLO,S3
COLOR ENTERO IFACE,A5 2016
SILICONA BRILLO,A5 2016
SILICONA SEMI TRANSPARENTE,A5 2016
DOBLES DISEÑO ,A7
ESPALDAR DISEÑO MUJER,A7
SILICONA TRANSPARENTE,A7
DOBLESM DISEÑO ,A3 2016
SILICONA 360,S10 +
ACRILLICA RESPALDAR ORIGINAL,S6 EDGE PLUS
REFORSADA DEFENDER,S8+
SILICONA TRANSPARENTE,S8+
SILICONA COLOR ENTERO ESQUINA REFORSADA,S8+
ACRILICA 360,S8+
SILICONA COLOR ENTERO NEW CASE,S8
SILICONA COLOR ENTERO ESQUINA REFORSADA,S8
SILICONA TRANSPARENTE,S8
SILICONA COLOR ENTERO CAJA ,IPH7+
SILICONA REVIELE CORAZON,S8
SILICONA TRANSPARENTE BORDES,S8
SILICONA ORIGINAL GAMUZA,S9 +
SILICONA COLORES MARCA,S9+
GOMA COLOR ENTERO MARCA,S9+
GOMA GATO POMPON,S9+
SILICONA TRANSPARENTE,S9+
SILICONA ORIGINAL GAMUZA,S9
SILICONA TRANSPARENTE,S9
SILICONA STILE LUX,S10+
SILICONA MOLANCANO,S10+
SILICONA SOFT FEELING,S10+
SILICONA DISEÑO FERRARI,S10+
AGENDA COLOR ENTERO,S10+
ACRILICA 360,S10
SILICONA MOLANCANO,S10
SILICONA DREYCOM,S10
SILICONA COLOR ENTERO PROTECTO CAMARA,A51
SILICONA COLOR ENTERO PROTECTO CAMARA,A71
SILICONA COLOR ENTERO PROTECTO CAMARA,IPH 11 PRO
SILICONA COLOR ENTERO PROTECTO CAMARA,IPH 11
SILICONA COLOR ENTERO PROTECTO CAMARA,IPH 11 PRO MAX
SILICONA TRANSPARENTE BORDES,SAM NOTE 8
SILICONA COLOR ENTERO ESQUINA REFORSADA,SAM NOTE 8
TIPO METALICAS,NOTE 9
SILICONA 360,NOTE 9
SILICONA GAMUZA DE 1RA BOLSA,NOTE 9
SILICONA ORIGINAL,NOTE 9
SILICONA COLOR ENTERO ANILLO,NOTE 10
SILICONA GAMUZA DE 2DA ,NOTE 10
SILICONA GAMUZA DE 2DA ,NOTE 10+
AGENDA DISEÑO HOMBRE,"TAB A 2019 ""8"""
SILICONA DISEÑO ,TAB E
AGENDA DISEÑO MUJER,"HW T1 ""7"""
AGENDA COLOR ENTERO ,"TAB S ""8"""
AGENDA DISEÑO ,"TAB A 2016 ""7"""
SILICONA DISEÑO ,"TAB A 2016 ""7"""
GOMA DISENO,"TAB 3 ""7"""
SILICONA DISEÑO,"HW T3 ""7"""
SILICONA SENCILLA,"HW T3 ""7"""
DOBLES DISEÑO ,A3
COLOR ENTERO IFACE,ACE 4/J1 MINI PRIME
DOBLES COLOR ENTERO,ACE 4/J1 MINI PRIME
SILICONA SEMITRASPARENTE,ACE 4/J1 MINI PRIME
SILICONA DISEÑO ,ACE 4/J1 MINI PRIME
AGENDA COLOR ENTERO,S6
DOBLES COLOR ENTERO ,IPAD MINI
SILICONA TRANSPARENTE MARCA ,S6
SILICONA SENCILLA COLORES BOROFONE,A01
SILICONA GAMUZA CAJA,A01
SILICONA GAMUZA CAJA,A71
AGENDA DISEÑO MUJER PANTALLA,Y7 2018
SILICONA TRANSPARENTE,K11
SILICONA DEGRADADO,MATE 10 LITE
SILICONA COLOR ENTERO ,"TAB 4"" 8"""
GOMA GATO,IPH 5
SILICONA BRILLO,IPH 5
SILICONA COLOR ENTERO MANZANA CAJA,IPH 5
GOMA CAJA ILUV,IPH 5
REFORSADA DEFENDER,IPH 6
SILICONA GAMUZA CAJA MALLA,IPH 6
ACRILICA 360,IPH 6
SILICONA TRANSPARENTE ESQUINA COLORES,IPH 6
SILICONA TRANSPARENTE AUTO FOCUS,IPH 6
TIPO METALICAS,IPH 6
ACRILICA CAMUFLADA,IPH 6
SILICONA TIPO CUERO,IPH 6
SPECK CAJA,IPH 7
FUNDA DE CINTURON,6.0 ECHADO
TIPO CAT CON ANILLO ,MI9 T
REFORSADA DEFENDER,IPH 7
GAMUZA ORIGINAL,IPH 7+
TIPO CAT CON ANILLO ,REDMI NOTE 8 PRO
SILICONA SEMI TRANSPARENTE,P20 PRO
SILICONA DISENO LUXO,IPH 7
ACRILICA MAGNETICA,IPH 7
SILICONA SEMITRANSPARENTE ORIGINAL,IPH 7
SILICONA GAMUZA ORIGINAL,IPH 7
SILICONA GAMUZA BOLSA,IPH 7
SILICONA GAMUZA CAJA MALLA,IPH 7
SILICONA GAMUZA CAJA DE 2DA,IPH 7
SILICONA SENCILLA COLOR ENTERO,IPH 7
SILICONA COLOR ENTERO ESQUINA REFORSADA,IPH 7
SILICONA BRILLO,IPH 7
ACRILICA AGUA BRILLO,IPH 7
GOMA COLOR ENTERO,IPH 7
GOMA COLOR ENTERO 360 BRILLO,IPH 7
ACRILLICA COLOR ENTERO PUNTOS,IPH 7
ACRILICA CAMUFLADA,IPH 7
SILICONA DISEÑO MUJER + POPSOCKET CORAZON,A10S
SILICONA DISEÑO MUJER + POPSOCKET CORAZON,A50
SILICONA DISEÑO MUJER + POPSOCKET CORAZON,A30
SILICONA DISEÑO MUJER + POPSOCKET CORAZON,MIA 3
SILICONA DISEÑO MUJER + POPSOCKET CORAZON,NOTE 7 
SILICONA DISEÑO MUJER + POPSOCKET CORAZON,A10
SILICONA BRILLO DISENO ,A50
SILICONA BRILLO DISENO ,A30
SILICONA BRILLO DISENO ,A10
SILICONA BRILLO DISENO ,IPH 6
SILICONA BRILLO DISENO ,IPH 7+
SILICONA BRILLO DISENO ,IPH 7
SILICONA BRILLO DISENO ,IPH 11
SILICONA BRILLO DISENO ,IPH 11 PRO
SILICONA BRILLO DISENO ,IPH 11 PRO MAX
SILICONA TRANSPARENTE CAJA,IPH 6
SILICONA TRANSPARENTE CAJA,IPH 6+
SILICONA TRANSPARENTE CAJA,IPH 7
SILICONA TRANSPARENTE CAJA,IPH 7+
SILICONA TRANSPARENTE CAJA,IPH X
SILICONA TRANSPARENTE CAJA,IPH XR
SILICONA TRANSPARENTE CAJA,IPH 11 PRO
SILICONA TRANSPARENTE CAJA,IPH 11 PRO MAX
SILICONA DISÉNO MUJER + POPSOCKET,MIA 3
SILICONA DISÉNO MUJER + POPSOCKET,NOTE 7 PRO
SILICONA DISÉNO MUJER + POPSOCKET,REDMI 8A
SILICONA DISÉNO MUJER + POPSOCKET,REDMI 8
SILICONA DISÉNO MUJER + POPSOCKET,REDMI NOTE 8
SILICONA AHUMADA BORDES COLORES,A10S
SILICONA AHUMADA BORDES COLORES,A20S
SILICONA AHUMADA BORDES COLORES,A50
SILICONA AHUMADA BORDES COLORES,IPH 6
SILICONA AHUMADA BORDES COLORES,A10
SILICONA AHUMADA BORDES COLORES,A30
SILICONA AHUMADA BORDES COLORES,IPH X
SILICONA AHUMADA BORDES COLORES,IPH 6+
SILICONA AHUMADA BORDES COLORES,IPH 7
SILICONA AHUMADA BORDES COLORES,NOTE 7
SILICONA AHUMADA BORDES COLORES,REDMI 8
SILICONA AHUMADA BORDES COLORES,IPH 11 PRO MAX
SILICONA AHUMADA BORDES COLORES,IPH 11 PRO
SILICONA AHUMADA BORDES COLORES,IPH 11
SILICONA AHUMADA BORDES COLORES,IPH 7+
SILICONA AHUMADA BORDES COLORES,REDMI NOTE 8
SILICONA AHUMADA BORDES COLORES,REDMI 8A
TIPO TRANSFORMER,REDMI NOTE 8 PRO
TIPO TRANSFORMER,Y9 2019
TIPO TRANSFORMER,A11
TIPO TRANSFORMER,A01
CAT CON ANILLO,A01 CORE
TIPO TRANSFORMER,NOTE 9S
REFORSADA I CRYSTAL,A71
REFORSADA I CRYSTAL,REDMI NOTE 8
REFORSADA I CRYSTAL,REDMI NOTE 8 PRO
CAT CON ANILLO,A10S
REFORSADA I CRYSTAL,Y6 P
REFORSADA I CRYSTAL,Y5 P
REFORSADA I CRYSTAL,J2 CORE
REFORSADA I CRYSTAL,A51
REFORSADA I CRYSTAL,A11
REFORSADA I CRYSTAL,A01
DISEÑO MUJER LLAVERO,IPH 7
SILICONA DISEÑO ,IPH 7
SILICONA GAMUZA BOLSA,MI 9 SE
TIPO TRANSFORMER,A71
AGENDA COLOR ENTERO ,A11
SILICONA SENCILLA COLOR ENTERO,REDMI NOTE 8
DOBLES COLOR ENTERO INOVA,REDMI NOTE 8 PRO
DOBLES COLOR ENTERO HMASTON,REDMI NOTE 8 PRO
SILICONA GAMUZA CAJA,MI NOTE 10
SILICONA GAMUZA CAJA,MI 5 PLUS
SILICONA BRILLO ,MI 5 PLUS
SILICONA COLOR ENTERO,MI 5 PLUS
SILICONA COLOR ENTERO,REDMI Y1 LITE
SILICONA GAMUZA CAJA,REDMI A1
SILICONA NEGRA SENCILLA,NOKIA
GAMUZA ORIGINAL,IPH 11 PRO MAX
ACRILICA MAGNETICA,IPH 11 PRO MAX
SILICONA SEMITRANSPARENTE ,IPH 11 PRO MAX
SILICONA GAMUZA BOLSA,IPH 11 PRO MAX
SILICONA TRANSPARENTE ,IPH 11 PRO MAX
SILICONA SENCILLA+ VIDRIO,IPH 11 PRO MAX
SILICONA DE PRIMERA BRILLO DISEÑO ,IPH 11 PRO MAX
ACRILICA TORNASOL,IPH 11 PRO MAX
DISEÑO CAMUFLADO,IPH 11 PRO MAX
GAMUZA ORIGINAL,IPH 11
ACRILLICA MAGNETICA,IPH 11
SILICONA GAMUZA BOLSA,IPH 11
SILICONA SEMITRANSPARENTE,IPH 11
SILICONA DE PRIMERA BRILLO DISEÑO ,IPH 11
ACRILICA BRILLO,IPH 11
GAMUZA ORIGINAL,IPH 11 PRO
ACRILICA MAGNETICA,IPH 11 PRO
SILICONA GAMUZA BOLSA,IPH 11 PRO
ACRILICA BRILLO,IPH 11 PRO
DISEÑO CAMUFLADO,IPH 11 PRO
SILICONA SENCILLA+ VIDRIO,IPH 11 PRO 
GAMUZA ORIGINAL,IPH XS MAX
SILICONA GAMUZA BOLSA,IPH XS MAX
ACRILICA BRILLO,IPH XS MAX
SILICONA BRILLO DISEÑO 1RA,IPH XS MAX
DISEÑO CAMUFLADO,IPH XS MAX
ACRILICA TIPO CUERO,IPH XS MAX
SILICONA BRILLO DISEÑO 1RA,IPH XR
ACRILICA MAGNETICA,IPH XS MAX
GAMUZA ORIGINAL,IPH XS
ACRILICA MAGNETICA,IPH XS
SILICONA SEMITRANSPARENTE,IPH XS
SILICONA GAMUZA MALLA,IPH XS
SILICONA GAMUZA CAJA,IPH XS
SILICONA AHUMADA,IPH XS
SILICONA TRANSPARENTE,IPH XS
SILICONA TRANSPARENTE RELIEVE,IPH XS
SILICONA GAMUZA MANZANA PLATEADA,IPH XS
SILICONA TRANSPARENTE BORDES AUTOFOCUS,IPH XS
ACRILICA 360,IPH XS
SILICONA SENCILLA COLOR RELIEVE CAMARA,IPH XS
SILICONA SENCILLA COLOR,IPH XS
SILICONA SENCILLA COLOR HUECO MANZANA,IPH XS
ACRILICA BRILLO,IPH XS
DISEÑO MUJER LLAVERO,IPH XS
GOMA MUÑECO,IPH XS
COLOR ENTERO IFACE,SONY XA ULTRA
TIPO TRANSFORMER,IPH XS
SILICONA DISEÑO CAMUCLADO,IPH XS
VIDRIO DISEÑO,IPH XS
ACRILICA TORNASOL,IPH XS
SILICONA SEMITRANSPARENTE,IPH XS
REFORSADA DEFENDER,IPH 7+
REFORSADA SPECK,IPH 7+
SILICONA SEMITRANSPARENTE CAJA,IPH 7+
SILICONA BRILLO DISEÑO MUJER,IPH 12 PRO
SILICONA TIPO CUERO,IPH 7+
DOBLES DISEÑO MUJER LUXO,IPH 7+
ACRILICA DISEÑO MUJER POPSOCKET,IPH 7+
SILICONA DISEÑO ,IPH 7+
SILICONA TRANSPARENTE BORDES COLOR,IPH 7+
SILICONA BRILLO DISEÑO MUJER,A02
GOMA 360 COLOR ENTERO,IPH 7+
SILICONA TIPO TELA,IPH 7+
SILICONA COLOR ENTERO ESQUINA REFORSADA,IPH 7+
DOBLES DISEÑO KATE SPADE,IPH 7
SILICONA TIPO CUERO,IPH 6+
SILICONA BRILLO DISEÑO MUJER,A52
FUNDA DE CINTURON,5.5 PARADO
SILICONA BRILLO DISEÑO MUJER,A32 4G
FUNDA DE CINTURON,5.0 ECHADO
DOBLES COLOR ENTERO,A01
DOBLES COLOR ENTERO,Y6 25
DOBLES DISEÑO MUJER,Y6 25
SILICONA BRILLO DISEÑO MUJER,POCO X3
AGENDA DISEÑO,GR3
DOBLES,WIN
AGENDA COLOR ENTERO ,GRAND 2
DOBLES COLOR ENTERO,GRAND 2
DOBLES GOMA,GRAND NEO
AGENDA BRILLO,SONY XA ULTRA
AGENDA COLOR ENTERO,SONY XA ULTRA
SILICOLA TRANSPARENTE,C7
SILICONA BRILLO DISEÑO MUJER,A72
DOBLES COLOR ENTERO,Y6P
DOBLES COLOR ENTERO,Y5P
DOBLES COLOR ENTERO,A11
DOBLES COLOR ENTERO,Y7 P
DOBLES COLOR ENTERO,P40 LITE
GOMA SILICONADA MANITOS,"UNIVERSAL ""6"""
GOMA SILICONADA MANITOS,"UNIVERSAL ""7"""
GOMA SILICONADA MANITOS,"UNIVERSAL ""8"""
GOMA SILICONADA MANITOS,"UNIVERSAL ""9.7"""
GOMA SILICONADA MANITOS,"UNIVERSAL ""10.1"""
GOMA DISEÑO ANILLO HOMBRE,"UNIVERSAL ""6"""
GOMA DISEÑO ANILLO MUJER,"UNIVERSAL ""6"""
GOMA DISEÑO ANILLO HOMBRE,"UNIVERSAL ""7"""
GOMA DISEÑO ANILLO MUJER,"UNIVERSAL ""7"""
GOMA COLOR ENTERO ANILLO,"UNIVERSAL ""7"""
DOBLES COLOR ENTERO MARCA,J6+
DOBLES COLOR ENTERO MARCA,J4+
DOBLES COLOR ENTERO MARCA,J4 2018
DOBLES COLOR ENTERO MARCA,Y7 2019
DOBLES COLOR ENTERO MARCA,Y6 2019
SILICONA BORDES COLOR ANILLO,P20 LITE
SILICONA BORDES COLOR ANILLO,J2 PRO
SILICONA BORDES COLOR ANILLO,J2 PRIME
DOBLES COLOR ENTERO MARCA BRILLO,P30 LITE
DOBLES COLOR ENTERO MARCA BRILLO,A10
DOBLES COLOR ENTERO MARCA BRILLO,A30
TIPO CAT CON ANILLO ,A11
AGENDA MK ORIGINAL ,S6 EDGE
AGENDA MK ORIGINAL ,S6 EDGE +
AGENDA MK ORIGINAL ,S7
AGENDA COLOR ENTERO,Y3 60
DOBLES DISEÑO ,Y3 60
SILICONA BRILLO DISEÑO MUJER,NOTE 9S
SILICONA TRANSPARENTE,CORE PRIME
DOBLES COLOR ENTERO,CORE
DISEÑO MUJER,J7 2016
SILICONA TRANSPARENTE,CORE PLUS
SILICONA BRILLO DISEÑO MUJER,IPH 12 PRO MAX
DOBLES COLOR ENTERO,G3
SILICONA COLOR ENTERO,G3
DOBLES COLOR ENTERO,G3 STYLUS
DOBLES DISEÑO ,Z3 MINI
AGENDA COLOR ENTERO,Z3 MINI
SILICONA GAMUZA SENCILLA,CAMON 12 PRO
SILICONA GAMUZA SENCILLA,CAMON 15
SILICONA GAMUZA SENCILLA,CAMON 16 PRIME
DOBLES COLOR ENTERO,Y5 20
DOBLES DISENO ,GRAND NEO
SILICONA TRANSPARENTE,GRAND NEO
DOBLES COLOR ENTERO,GRAND NEO
SILICONA SENCILLA,GRAND NEO
GOMA MUÑECO,GRAND NEO
SILICONA TRANSPARENTE,P10 LITE
SILICONA GAMUZA SENCILLA,CAMON 16
SILICONA AGUA BRILLO,J5
GOMA COLOR ENTERO OREJAS,J2 PRIME
SILICONA COLOR ENTERO BRILLO,J2 PRIME
SILICONA DISEÑO ,J7 PRIME
SILICONA TIPO CUERO,J7 PRIME
SILICONA COLOR ENTERO MARCA,J7 PRIME
SILICONA COLOR CAJA,J7
AGENDA DISEÑO MUJER,A12
SILICONA DISEÑO,J7
SILICONA DISEÑO MUJER,J7
SILICONA GAMUSADA COLOR CAJA,J7
SILICONA GAMUZA CAJA,J7
SILICONA GAMUZA COLOR ENTERO,J7
SILICONA RELIEVE COLORES,J7
SILICONA SEMITRANSPARENTE,J7
SILICONA SENCILLA,J7
SILICONA SENCILLA COLOR ,J7
SILICONA TIPO CUERO AUTO FOCUS,J7
SILICONA TRANSPARENTE,J7
SILICONA TRANSTARENTE BORDE COLOR BOLSA,J7
SILICONA SEMITRANSPARENTE MOTOMO,J7 2016
SILICONA TIPO CUERO PARADOR,J7 2016
DOBLES DISEÑO MUJER,J2
SILICONA TRANSPARENTE,J2
SILICONA SEMI TRANSPARENTE,J2
SILICONA DISEÑO MUJER,J2
DOBLES DISEÑO MUJER,J5 2016
GOMA MUÑECO,J5 2016
GOMA COLOR ENTERO,J5 2016
SILICONA COLOR ENTERO,J5 2016
SILICONA COLOR ENTERO HUECO DISEÑO ,J5 2016
GOMA COLOR ENTERO,J5 PRIME
SILICONA BRILLO ,J5 PRIME
SILICONA COLOR ENTERO PUNTO,J5 PRIME
AGENDA DISEÑO HOMBRE,J7 DUO
SILICONA BRILLO LENTEJUELA,J7 DUO
AGENDA COLOR ENTERO MK,J7 DUO
AGENDA COLOR ENTERO HMASTON,J7 DUO
GOMA GATO ,J7 DUO
SILICONA TRANSPARENTE DISEÑO MUJER CROMADO,J7 DUO
DOBLE DISEÑO MUJER,J7 DUO
DOBLE DISEÑO HOMBRE,J7 DUO
SILICONA SENCILLA DISEÑO HOMBRE,J7 DUO
GOMA COLOR ENTERO,J5 PRO
SILICONA COLOR ENTERO ,J5 PRO
SILICONA SENCILLA MOTOMO,J1 2016
SILICONA DISEÑÓ MALLA,J1
AGENDA COLOR ENTERO,J1
SILICONA TRANSPARENTE BRILLO,J1 ACE
SILICONA SENCILLA COLORES,J1 ACE
SILICONA TRANSPARENTE,J1 ACE
SILICONA SENCILLA,A8+
SILICONA BRILLO OJUELAS,A8+
GOMA 360 COLOR ENTERO,A7 2017
CAT CON ANILLO,A21S
SILICONA GAMUZA COLOR ENTERO,J2 CORE
SILICONA GAMUZA COLOR ENTERO,J7 PRIME
TIPO CAT CON ANILLO ,J7
SILICONA GAMUZA COLOR ENTERO,A 51
SILICONA GAMUZA COLOR ENTERO,REDMI NOTE 8 PRO
SILICONA GAMUZA COLOR ENTERO,REDMI NOTE 8
SILICONA GAMUZA COLOR ENTERO,MATE 30 LITE
SILICONA GAMUZA COLOR ENTERO,P40 LITE
SILICONA GAMUZA COLOR ENTERO,Y5 2018
SILICONA GAMUZA COLOR ENTERO,Y9 2019
SILICONA GAMUZA COLOR ENTERO,Y9 PRIME
GOMA POMPOM,P SMART 2019
ACRILICA GAMUZA,P SMART 2019
GOMA MUÑECO,CORE PRIME
ACRILICA ESPALDAR,CORE PRIME
SILICONA AHUMADA,CORE PRIME
DOBLES REFORSADA COLOR ENTERO,CORE 2
DOBLES REFORSADA,CORE
DOBLES DISEÑO,GRAND 2
GOMA DISENO ,GRAND NEO
SILICONA TRANSPARENTE BORDES,NOTE 4
METALICAS MOTOMO,NOTE 4
DOBLES DISEÑO ,CORE
SILICONA SEMITRANSPARENTE,CORE
DOBLES DISEÑO,CORE 2
DOBLES COLOR ENTERO,MIA 2 LITE
SILICONA GAMUSA DE 2DA,MI A1
SILICONA GAMUZA ORIGINAL,P SMART 2018
DOBLES DISEÑO HOMBRE POPSOCKET,P SMART 2018
DOBLES COLOR ENTERO,P SMART 2018
SILICONA COLOR ENTERO BOROFONE,J2 CORE
SILICONA BRILLO COLORES,J2 CORE
SILICONA BRILLO DISEÑO ACRILICO,A20S
REFORSADA TIPO CAT CON ANILLO/PARADOR,NOTE 9S
SILICONA COLOR ENTERO MARCA,A01
TIPO CAT CON ANILLO ,A01
DOBLES DISEÑO HOMBRE,A01
AGENDA COLOR ENTERO MAGNETICA,A50
DOBLES COLOR ENTERO INOVA,K40S
AGENDA COLOR ENTERO ,K40S
GOMA GATO POMPON,J6+
SILICONA DISEÑO MUJER + VIDRIO,J6+
SILICONA COLOR ENTERO ,J6+
DOBLES COLOR ENTERO LUES,J6+
DOBLES TEXTURADOCOLOR ENTERO LUES,J6+
SILICONA AGUA BRILLO,J6+
SILICONA TIPO TELA,J6+
SILICONA TIPO TELA ANILLO,J6+
DOBLES COLOR ENTERO ANILLO,J6+
SILICONA COLOR ENTERO MALLA,J6+
SILICONA COLOR ENTERO ANILLO,J6+
SILICONA COLOR ENTERO,Y5 2018
SILICONA BRILLO DISEÑO ACRILICO,A10S
AGENDA COLOR ENTERO TIPO CUERO,A10S
TIPO CAT CON PARADOR,A10S
SILICONA BRILLO,J4+
DOBLES TEXTURADA COLOR ENTERO,J4+
SILICONA TRANSPARENTE,J4+
SILICONA DISEÑO + POPSOCKET,J4+
SILICONA DISEÑO + VIDRIO,J4+
SILICONA SEMITRANSPARENTE,J4+
SILICONA TIPO CUERO AUTO FOCUS,J4+
SILICONA COLOR ENTERO BOTON COLORES,J4+
SILICONA TIPO CUERO AUTO FOCUS,J8
AGENDA DISEÑO MUJER,J8
AGENDA COLOR ENTERO RELIEVE FLORES,J8
DOBLES DISEÑO HOMBRE,J8
DOBLES DISEÑO MUJER,J6 2018
SILICONA GAMUZA DE 2DA ,J6 2018
DOBLES COLOR ENTERO,J6 2018
TIPO CAT,J6 2018
GOMA GATO ,J6 2018
GOMA GATO POMPOM,J6 2018
TIPO TRANSFORMER,J5 PRO
AGENDA COLOR ENTERO ,A12
DOBLES COLOR ENTERO ANILLO,J5 PRO
SILICONA TRANSPARENTE BORDE COLOR,J5 PRO
DOBLES SPIGEN,J5 PRO
SILICONA TRANSPARENTE,J5 PRO
DOBLES COLOR ENTERO RELIEVE MOTOMO,J5 PRIME
DOBLES COLOR ENTERO ANILLO,J5 PRIME
TIPO CAT MOTOMO,J5 PRIME
DOBLES DISEÑO HOMBRE,J5 PRIME
SILICONA SENCILLA NEGRA,J2 CORE
GOMA COLOR ENTERO,A21S
SILICONA TRANSPARENTE,A21S
COLOR ENTERO CON ANILLO,J7 PRO
COLOR ENTERO CON ANILLO,J5
COLOR ENTERO CON ANILLO,J5 PRIME
DOBLES COLOR ENTERO,J5
SILICONA GAMUZADA,NOTE 9S
SILICONA TRANSPARENTE,J6 2018
SILICONA TRANSPARENTE ESQUINA COLORES,J6 2018
SILICONA BRILLO,J6 2018
SILICONA COLOR ENTERO MARCA ,J6 2018
SILICONA DREYCOM,J6 2018
DOBLES COLOR TORNASOL,J6 2018
SILICONA COLOR ENTERO,J6 2018
SILICONA COLOR ENTERO,J7 PRO
SILICONA DISEÑO,J7 PRO
SILICONA COLOR ENTERO SENCILLA,J7 PRO
SILICONA BRILLO OJUELAS,J7 PRO
DOBLES SPIGEN,J7
SILICONA DEGRADADO,J7
DOBLES COLOR ENTERO FANCY,E7
COLOR ENTERO IFACE,J7
AGENDA DISEÑO UNICORNIO,J7
GOMA COLOR ENTERO,J7 2016
DOBLES DISIÑO MUJER,J7 2016
SILICONA TRANSPARENTE,J7 2016
GOMA DISEÑO ,J7 2016
ACRILICA 360,J7 2016
SILICONA TRANSPARENTE,J6+
AGENDA DISEÑO MUJER,J6+
GOMA CONEJO,J6 2018
AGENDA DISEÑO MUJER,J6 2018
SILICONA COLOR ENTERO,"TAB A 2019 ""8"""
COLOR ENTERO IFACE,J3
DOBLES COLOR ENTERO CAJA,J5
SILICONA AGUA BRILLO,J5 PRO
TIPO CAT SPIGEN,J5 PRO
SILICONA COLOR ENTERO,J4 2018
SILICONA GAMUZA TOTALES,J4 2018
SILICONA ORIGINAL ,J2 PRO
DOBLES DISEÑO HOMBRE POPSOCKET,J2 PRO
DOBLES COLOR ENTERO MOTOMO,J2 PRO
TIPO TRANSFORMER,J2 PRO
DOBLES COLOR ENTERO,J2 PRO
DOBLES COLOR ENTERO TEXTURADO MOTOMO,J2 PRO
SILICONA ANILLO IFACE,J2 PRO
ACRILICA DISEÑO RELIEVE,J2 PRO
SILICONA COLOR ENTERO,J2 PRO
SILICONA COLOR ENTERO DISEÑO RELIEVE,J2 PRO
AGENDA COLOR ENTERO MK,J2 PRO
AGENDA COLOR ENTERO,J2 PRO
DISEÑO HOMBRE,J2 PRIME
ACRILICA TRANSPARENTE BORDES,J2 PRIME
SILICONA COLOR ENTERO,ACE 4
SILICONA COLOR ENTERO CAJA,Y9S
SILICONA 360,A70
DOBLES COLOR ENTERO TEXTURADO HMASTON,A70
DOBLES DISEÑO MUJER POPSOCKET,J2 PRO
SILICONA TIPO CUERO,J2 PRO
SILICONA GAMUZA CAJA,A01 CORE
GOMA MUÑECO,J5 PRO
TIPO CAT CON ANILLO ,NOTE 9 PRO
TIPO CAT CON ANILLO ,SAM/NOTE 10 LITE
AGENDA COLO0R ENTERO TIPO CUERO,A01
AGENDA COLO0R ENTERO TIPO CUERO,NOTE 9S
SILICONA GAMUZA CAJA FASHION,A70
SILICONA GAMUZA CAJA FASHION,A51
SILICONA GAMUZA CAJA FASHION,A20S
SILICONA GAMUZA CAJA FASHION,A21S
SILICONA GAMUZA CAJA FASHION,A71
SILICONA COLOR ENTERO CAJA,A71
SILICONA GAMUZA CAJA FASHION,NOTE 8
SILICONA GAMUZA CAJA FASHION,NOTE 8 PRO
SILICONA GAMUZA CAJA,NOTE 9S
SILICONA GAMUZA CAJA FASHION,NOTE 10 LITE
SILICONA GAMUZA CAJA FASHION,Y9 PRIME
SILICONA GAMUZA CAJA FASHION,P40 LITE
GOMA COLOR ENTERO 360,J5
SILICONA COLOR ENTERO SENCILLA,J5
GOMA DISEÑO/ MUÑECO,J5
GOMA OREJAS,J5
AGENDA COLOR ENTERO,J5 2016
ACRILICA DISEÑO MUJER,J5 2016
GOMA GATO,J4 2018
GOMA CONEJO,J4 2018
GOMA GATO POMPON,J4 2018
SILICONA BRILLO OJUELAS,J4 2018
GOMA DISEÑO CHINELA,J7 2016
TIPO METALICA MOTOMO,J1 2016
DISEÑO HOMBRE IFACE,J1 2016
GOMA MUÑECO,J1 MINI
GOMA COLOR ENTERO,A01 CORE
SILICONA COLOR ENTERO,A01 CORE
GOMA COLOR ENTERO,"TAB A 2019 ""8"""
SILICONA DISEÑO ,"TAB A 2019 ""8"""
REFORSADA I CRYSTAL,REDMI 9C
REFORSADA I CRYSTAL,A21S
REFORSADA I CRYSTAL,A01 CORE
REFORZADA TIPO CAT FASHION NEW,A71
SILICONA FIBRA DE CARBONO,A20S
SILICONA COLOR ENTERO BOLSILLO,A20S
SILICONA COLORES + VIDRIOS,A50
SILICONA MOLANCANO,P30 PRO
ACRILICA 360,P30 LITE
SILICONA GAMUZA BOLSA,P30 LITE
SILICONA BRILLO,P30 LITE
DOBLES COLOR ENTERO ANILLO,P30 LITE
SILICONA AHUMADA,P30 LITE
SILICONA AHUMADA MARCA,P30 LITE
SILICONA COLOR ENTERO + VIDRIO,A20S
SILICONA COLOR ENTERO 360,A30
DOBLES COLOR RELIEVE MOTOMO,K4 2017
DOBLES ANILLO PROTECTOR CAMARA,J2 CORE
DOBLES ANILLO PROTECTOR CAMARA,A20S
DOBLES ANILLO PROTECTOR CAMARA,A10S
DOBLES ANILLO PROTECTOR CAMARA,A51
AGENDA COLOR ENTERO,A21S
AGENDA COLOR ENTERO,J2 CORE
DISEÑO HOMBRE EQUIPO,J2 CORE
DISEÑO HOMBRE EQUIPO,A21S
DISEÑO HOMBRE EQUIPO,A10S
DISEÑO HOMBRE EQUIPO,A71
DISEÑO HOMBRE EQUIPO,A70
DISEÑO HOMBRE EQUIPO,A11
DISEÑO HOMBRE EQUIPO,A01
DISEÑO HOMBRE EQUIPO,A20S
DISEÑO HOMBRE EQUIPO,A50
DISEÑO HOMBRE EQUIPO,A51
DISEÑO CORAZON BRILLO + POPSOCKET,A11
DOBLES DISEÑO MUJER + POPSOCKET,A10S
DISEÑO CORAZON BRILLO + POPSOCKET,A20S
DISEÑO CORAZON BRILLO + POPSOCKET,J2 PRIME
DISEÑO CORAZON BRILLO + POPSOCKET,A01 CORE
SILICONA BORDES COLOR PROTECTOR CAMARA,NOTE 9 PRO
SILICONA DISEÑO MUJER,A51
SILICONA DISEÑO MUJER,NOTE 9S
SILICONA DURA DISEÑO PUNTOS,A51
SILICONA DURA DISEÑO PUNTOS,A71
SILICONA DISEÑO MUJER POPSOCKET CHISPITAS,J2 CORE
SILICONA DISEÑO MUJER POPSOCKET CHISPITAS,A51
SILICONA DISEÑO MUJER POPSOCKET,A71
SILICONA DISEÑO MUJER POPSOCKET CORAZON,A51
SILICONA DISEÑO MUJER POPSOCKET CORAZON,A71
SILICONA + ACRILICA TORNASOL,NOTE 9S
SILICONA GAMUZA + CUBRE CAMARA,A51
SILICONA TORNASOL ANILLO,NOTE 9 S
TIPO CAT CON ANILLO ,J2 CORE
TIPO TRANSFORMER,A21S
TIPO TRANSFORMER,REDMI 9C
TIPO TRANSFORMER,J2 PRIME
TIPO TRANSFORMER,J7 PRIME
TIPO TRANSFORMER,J7
TIPO TRANSFORMER,MATE 20 LITE
TIPO TRANSFORMER,A30
TIPO TRANSFORMER,A01 CORE
TIPO TRANSFORMER,A10S
DOBLES DISEÑO MUJER + POPSOCKET,J7 
SILICONA GAMUZA + POPSOCKET,A01
DOBLES COLOR ENTERO,J2 CORE
SILICONA GAMUZA ORIGINAL ,A10S
SILICONA TRANSPARENTE,Y6 2018
AGENDA COLOR ENTERO RELIVE ROSAS,A10S
AGENDA COLOR ENTERO,A30
AGENDA DISEÑO MUJER,A10S
SILICONA BRILLO + POPSOKET,J2 CORE
ACRILICA SEMITRANPARENTE BORDES,REDMI 9
AGENDA GATITO ,"TAB A 2019 ""8"""
AGENDA COLOR ENTERO,A01 CORE
AGENDA COLOR ENTERO,J4+
AGENDA COLOR ENTERO,J7 2016
TIPO CAT CON ANILLO CAMARACERRADA,A71
TIPO CAT CON ANILLO CAMARACERRADA,REDMI 9
TIPO CAT CON ANILLO CAMARACERRADA,REDMI 9A
TIPO CAT CON ANILLO CAMARACERRADA,A50
TIPO CAT CON ANILLO CAMARACERRADA,REDMI 9C
TIPO CAT CON ANILLO CAMARACERRADA,Y9 PRIME
SILICONA GAMUZA CAJA SELLADA,REDMI 9C
SILICONA GAMUZA CAJA SELLADA,REDMI 9A
SILICONA GAMUZA CAJA,NOTE 9
SILICONA GAMUZA CAJA SELLADA,P30 LITE
SILICONA GAMUZA CAJA SELLADA,MATE 20 LITE
SILICONA GAMUZA CAJA SELLADA,A10S
GOMA UNIVERSAL,"""8"""
DOBLE COLOR ENTERO TEXTURADO,S20F
DOBLE COLOR ENTERO TEXTURADO,POCO X3
SILICONA COLOR ENTERO,MATE 20 LITE
DOBLES DISEÑO MUJER,MATE 20 LITE
TRANPARENTE PIEDRAS,MATE 20 LITE
GOMA GATO POMPON,MATE 20 LITE
SILICONA COLOR ENTERO CAJA,MATE 20 LITE
SILICONA DURA DISEÑO MUJER,A50
SILICONA GAMUZA COLOR ENTERO RELIEVE,A01
SILICONA GAMUZA COLOR ENTERO RELIEVE,J7
SILICONA GAMUZA COLOR ENTERO RELIEVE,J5 PRIME
SILICONA GAMUZA COLOR ENTERO RELIEVE,A20S
SILICONA GAMUZA COLOR ENTERO RELIEVE,J5
SILICONA GAMUZA COLOR ENTERO RELIEVE,J7 PRIME
DOBLES DISEÑO MUJER+POPSOCKET,A11
DOBLES DISEÑO MUJER+POPSOCKET,NOTE 8
DOBLES DISEÑO MUJER+POPSOCKET,A01 CORE
DOBLES DISEÑO MUJER+POPSOCKET,J2 PRIME
DOBLES DISEÑO MUJER+POPSOCKET,A21S
SILICONA AGUA BRILLO,A01
DISEÑO MUJER + POPSOCKET,A11
SILICONA AGUA BRILLO,A11
SILICONA AGUA BRILLO,A10S
SILICONA COLOR ENTERO ESQUINA REFORSADA,A01 CORE
SILICONA BRILLO + POPSOKET CORAZON,J2 CORE
SILICONA BRILLO + POPSOKET CORAZON,A10S
DISEÑO MUJER ANILLO,J5 PRIME
DISEÑO MUJER ANILLO,J5 
DOBLES COLOR ENTERO ANILLO,J8
DOBLES COLOR ENTERO,Y5 2018
DOBLES COLOR ENTERO,Y6 2019
DOBLES COLOR ENTERO,P20 LITE 
DOBLES COLOR ENTERO MARCA,A21S
DOBLES COLOR ENTERO TEXTURADO,A01 CORE
DOBLES COLOR ENTERO TEXTURADO,A2 CORE
DOBLES COLOR ENTERO TEXTURADO,A80
DOBLES COLOR ENTERO TEXTURADO,P30 LITE
DOBLES COLOR ENTERO TEXTURADO,S6
SILICONA GAMUZA COLOR ENTERO,A2 CORE
ACRILICA TRANSPARENTE CAJA,A21S
SILICONA SENCILLA COLOR ENTERO,A01 CORE
SILICONA GAMUZA CAJA,A21S
SILICONA GAMUZA CAJA ORIGINAL,A10
AGENDA COLOR ENTERO,MI 9T
AGENDA COLOR ENTERO,NOTE 8 PRO
TIPO CAT CON ANILLO,Y8S
TIPO CAT CON ANILLO,J2 PRIME
TIPO CAT CON ANILLO,Y9 2019
SILICONA TRANSPARENTE,MATE 20
SILICONA TRANSPARENTE,MATE 20 PRO
SILICONA TRANSPARENTE,J4
ACRILICA DISEÑO MUJER BRILLO,S9+
ACRILICA DISEÑO MUJER BRILLO,Y7 2018
SILICONA DISEÑO RELIEVE,A10S
SILICONA DISEÑO RELIEVE,Y9 PRIME
SILICONA DISEÑO MUJER,T3 7
SILICONA MALLA CAJA,IPH 11 PRO MAX
SILICONA MALLA CAJA,IPH 12 PRO
SILICONA MALLA CAJA,IPH 12
SILICONA MALLA CAJA,IPH 12 PRO MAX
SILICONA MALLA CAJA,NOTE 9S
SILICONA MALLA CAJA,REDMI 9C
SILICONA MALLA CAJA,REALME C3
SILICONA MALLA CAJA,REALME 6 PRO
SILICONA MALLA CAJA,REALME 7 PRO
SILICONA SENCILLA CAMARA CERRADA,REALME 7 PRO
SILICONA SENCILLA CAMARA CERRADA,REALME 6 PRO
SILICONA SENCILLA CAMARA CERRADA,POCO X3
SILICONA BRILLO POPSOCKET,J7
SILICONA BRILLO POPSOCKET,J2 PRIME
SILICONA BRILLO POPSOCKET,J2 CORE
SILICONA BRILLO POPSOCKET,J7 PRIME
SILICONA BRILLO POPSOCKET,A72
SILICONA BRILLO POPSOCKET,A32
SILICONA BRILLO POPSOCKET,A52
SILICONA BRILLO POPSOCKET,A10
SILICONA BRILLO POPSOCKET,A10S
SILICONA BRILLO POPSOCKET,A01 CORE
GOMA COLOR ENTERO MARCA,A20S
GOMA COLOR ENTERO MARCA,A10S
GOMA COLOR ENTERO MARCA,A01
GOMA COLOR ENTERO MARCA,J7 PRIME
GOMA COLOR ENTERO MARCA,A11
DOBLES COLOR ENTERO,A12
REFORSADA I CRYSTAL,A12
CAT CON PARADOR,A12
CAT CON PARADOR,M51
CAT CON PARADOR,POCO X3
SILICONA PARADOR IMAN,A12
SILICONA PARADOR IMAN,A02S
SILICONA COLOR ENTERO ,A02S
SILICONA COLOR ENTERO CAMARA CERRADA,A12
SILICONA SEMITRANSPARENTE CAMARA CERRADA,A12
SILICONA SEMITRANSPARENTE CAMARA CERRADA,A02S
SILICONA VENTILADA CAMARA CERRADA,A12
SILICONA VENTILADA CAMARA CERRADA,A02S
TIPO CAT CON ANILLO ,A02S
TIPO CAT CON ANILLO ,A12
SILICONA SENCILLA BOROFONE,A10S
SILICONA SENCILLA BOROFONE,A51
SILICONA SENCILLA BOROFONE,NOTE 8
SILICONA SENCILLA BOROFONE,NOTE 8 PRO
SILICONA SENCILLA BOROFONE,A71
SILICONA SENCILLA BOROFONE,NOTE 9S
SILICONA SENCILLA BOROFONE,REDMI 9A
SILICONA SENCILLA BOROFONE,REDMI 9C
SILICONA SENCILLA BOROFONE,REDMI 9
SILICONA SENCILLA BOROFONE,Y5 2018
SILICONA SENCILLA BOROFONE,Y9 PRIME
SILICONA SENCILLA BOROFONE,Y5 2019
SILICONA SENCILLA BOROFONE,Y9 2019
SILICONA GAMUZA CAJA,A31
SILICONA GAMUZA CAJA,P30 LITE
SILICONA GAMUZA CAJA,Y9 PRIME
SILICONA GAMUZA CAJA,MATE 20 LITE
SILICONA GAMUZA CAJA,NOTE 8 PRO
SILICONA GAMUZA CAJA,REALME 7 PRO
SILICONA GAMUZA CAJA,REALME 6 PRO
SILICONA GAMUZA CAJA,POCO X3
SILICONA GAMUZA CAJA,POCO M3
SILICONA COLOR ENTERO CAMARA CARRADA,NOTE 9S
SILICONA COLOR ENTERO CAMARA CARRADA,NOTE 8
SILICONA COLOR ENTERO CAMARA CARRADA,REDMI 9C
SILICONA COLOR ENTERO CAMARA CARRADA,REDMI 9A
SILICONA COLOR ENTERO CAMARA CARRADA,REDMI 9
SILICONA COLOR ENTERO CAMARA CARRADA,NOTE 8 PRO
SILICONA TRANSPARENTE,AO1 CORE
SILICONA TRANSPARENTE,A10S
SILICONA TRANSPARENTE,A11
SILICONA TRANSPARENTE,A20S
SILICONA TRANSPARENTE,A21S
SILICONA TRANSPARENTE,A51
SILICONA TRANSPARENTE,A71
SILICONA TRANSPARENTE,NOTE 8
SILICONA TRANSPARENTE,NOTE 8 PRO
SILICONA TRANSPARENTE,NOTE 9S
SILICONA TRANSPARENTE,REDMI 9
SILICONA TRANSPARENTE,REDMI 9A
SILICONA TRANSPARENTE,REDMI 9C
SILICONA TRANSPARENTE,IPH XS
SILICONA TRANSPARENTE,IPH 11 PRO
SILICONA TRANSPARENTE,IPH 11
SILICONA TRANSPARENTE,IPH 11 PRO MAX
SILICONA TRANSPARENTE,IPH 12 MINI
SILICONA TRANSPARENTE,IPH 12 
SILICONA TRANSPARENTE,IPH 12 PRO
SILICONA TRANSPARENTE,IPH 12 PRO max
SILICONA SEMITRANSPARENTE ANILLO,A10S
DOBLES DISEÑO MUJER AGARRADOR,NOTE9S
DOBLES DISEÑO MUJER POPSOCKET,NOTE 9S
SILICONA GAMUZA,S21 MINI
SILICONA GAMUZA,S21
SILICONA GAMUZA,S21+
SILICONA DISEÑO,REDMI 9C
DOBLES CON SUJETADOR,NOTE 8 PRO
SILICONA BRILLO POPSOCKET,J2 PRIME
SILICONA BRILLO POPSOCKET,A01 CORE
SILICONA BRILLO POPSOCKET,A11
SILICONA BRILLO POPSOCKET,A71
SILICONA BRILLO POPSOCKET,A50
SILICONA BRILLO POPSOCKET,A01
SILICONA BRILLO POPSOCKET,A51
SILICONA BRILLO POPSOCKET,A20S
SILICONA BRILLO POPSOCKET,A02S
SILICONA BRILLO POPSOCKET,A12
DOBLES COLOR ENTERO ANILLO,J7 PRO
SILICONA COLOR ENTRO,TAB A7 2020º
SILICONA COLOR ENTRO,A12
SILICONA DISEÑO,A12
DOBLES COLOR ENTERO ANILLO,J4
SILICONA GAMUZA,NOTE 7
SILICONA GAMUZA,A12
DOBLES + AGARRADOR,J7 PRO
DOBLES + AGARRADOR,P30 LITE
DOBLES COLOR RELIEVE MOTOMO,NOTE 7
SILICONA SENCILLA,NOTE 7
SILICONA SENCILLA,P20 LITE
DOBLES DISEÑO MUER,P30 LITE
ACRILICA COLOR ENTERO MALLA,J4 2018
SILICONA COLOR ENTERO,A02S
SILICONA GAMUZA ,A02S
SILICONA DISEÑO MUJER+ POPSOCKET,A02S
SILICONA DISEÑO,A02S
AGENDA COLOR ENTERO,T3 7
SILICONA GAMUZA,S20FE
GOMA 360 COLOR ENTERO,"TAB A 2019 ""10"""
SILICONA GAMUZA ANILLO,A02S
SILICONA GAMUZA ANILLO,TECNO SPACK 6
SILICONA GAMUZA ANILLO,TECNO SPACK 6 GO
TIPO TRANSFORMER,A02
TIPO TRANSFORMER,A32
TIPO TRANSFORMER,REDMI NOTE 10 PRO
ACRILICA TRANSPARENTE BORDES,POVA
SILICONA ARCOIRIS,A02
SILICONA ARCOIRIS,A52
SILICONA ARCOIRIS,A72
,
BATERIA,S5 MINI
BATERIA,NOKIA BL 5C
BATERIA,J2
BATERIA,S3 MINI
AUDIFONO X7,IPHONE
AUDIFONO X6,IPHONE PRO
VIDRIO TEMPLADO,J7
LLAVERO MUÑECO GOMA,***
MICRO SD 8GB,SANDISK
FUNDA AIRTAGS,CORTO
AUDIFONO TIPO AKG ,SAMSUNG
LLLAVERO PISTOLA GRANDE+ CASCO,METAL
POPSOCKET DISEÑO EQUIPO,***
POPSOCKET EN CAJA,***
POPSOCKET DISEÑO MUJER,***
POPSOCKET PERLA,***
MICRO SD 4GB,ADATA
MICRO SD 32GB C10,SONY
MICRO SD 16GB,KINSTON
MICRO SD 32GB,SANDISK
MICRO SD 64GB,SAMSUNG
PLASTICO UNIVERSAL,***
MICRO SD 16 GB,SANDISK
MICRO SD 8GB,ADATA
AUDIFONO SUPER BASS BOLSA,***
AUDIFONO NEGRO,SAMSUNG
BATERIA,LG/K4 2017
AUDIFONO CELEBRAT,C8
FUNDA AIRTAGS,LARGO
BARBIJO,
PITA DELGADA,
MICRO SD 128GB,SAMSUNG
FLASH + OTG,PHI/8GB
LLAVERO PISTOLA PEQUENA+SARTEN,METAL
BATERIA,J1 ACE
LLAVERO ACRILICO SUPER HEROES,***
BATERIA ERICK,S3 MINI
BLUETOOTH USB,***
BATERIA,SAMSUNG X156
ANILLO DISEÑO MUJER,***
MICRO SD 8GB,HP
BATERIA,ACE 4
BATERIA,LG KP105
LLAVERO ESPEJO,***
LLAVERO POMPON,***
POPSOCKERT POMPON,***
,***
AUDIFONOS OREJAS CASCO,***
AUDIFONO,J5
ANILLO MICKY,**
LLAVERO GOMA DOBLES CARA,***
BATERIA,S4 MINI
FLASH  8GB,HP
AIRDOTS PRO,XIAOMI
BUSS,SAMSUNG
FLASH 16GB,HP
FLASH 32GB,HP
FLASH 64GB,HP
CARGADOR V3,T&G
LLAVERO PLASTICO LEGO,***
AUDIFONO IPH PRO,DACOM
CABLE C/IPH/M,IPH ORIGINAL
CARGADOR IPH 11PRO MAX,IPH ORIGINAL
CABLE UBS /IPH /2M,IPH ORIGINAL
CABLE UBS /IPH /1M,IPH ORIGINAL
ADACTADOR IPH/3.5 JACK,IPH ORIGINAL
AUDIFONO BLANCO ,SAMSUNG
AUDIFONO ORIGINAL ,SAMSUMG
AUDIFONO ORIGINAL ,IPHONE
AUDIFONO ORIGINAL ,XIAOMI
BATERIA,POCKET NEO
CABLE USB V8/1M/NEGRO,BOLSA
CABEZAL ORIGINAL ,IPHONE
AUDIFONO BLANCO,NEW
AUDIFONO ORIGINAL ,HUAWEI
POPSOCKER,**
BATERIA,J5
CARGADOR UNIVERSAL,***
ADACTADOR IPH /CARGA Y LIGHTNING,***
AUDIFONOS AKG ORIGINAL,SAMSUNG
CARGADOR 4.5A BOLSA AMARILLA ,SAMSUNG
CARGADOR 4.5A BOLSA CELESTE,SAMSUNG
MP3 PARA CIGARRERA H18,HZ
MP3 PARA CIGARRERA H19,HZ
MP3 PARA CIGARRERA CM863,ALLISON/KBROAD
PALO SELFIE MNI STICK,EARLDOM
POPSOCKERT DISEÑO HOMBRE,***
BATERIA,S4
BATERIA,NOKIA BL 4C
ANILLO GATO,
AUDIFONO CASCO,FH11
AUDIFONO CASCO,FH13
AUDIFONO CASCO,FH15
AUDIFONO BLUETEOO,FH16T
POPSOCKER BRILLO,***
MANILLA WATCH,38MM
MANILLA WATCH,42MM
CABLE TIPO C LUMINOSO,CAFINI
CABLE TIPO V8 LUMINOSO,CAFINI
GOMA COLOR ENTERO,AIRDOS
AUDIFONO TIPO IPH DE 2DA,IPHONE X
ADACTADOR V8 A TIPO C,FASHION
ADACTADOR DE CHIP,***
OTG IPH ,***
AUDIFONO JBL BT,JBL 
AIRPODS PRO,COLORES
WIEWLES LOUDS,SAMSUNG
AIRPODS PRO,IPHONE
AIRPODS 2,IPHONE
AIRDOTS,XIAOMI
BUDS +,SAMSUNG
AUDIFONO BT,KPY87
AUDIFONO EWTTO,***
ANILLO COLOR ENTERO,***
ANILLO BRILLO,***
PARLANTE TOMATE,104TB
AUDIFONO EWTTO BT,BTA4688
AUDIFONO EWTTO BT,BTA4259
LLAVERO HERRAMIENTA,METAL
LLAVERO PUBG,METAL
LLAVERO TIRAS DE CUEROS,***
PARLANTE EWTTO,CHARGE 4 
AUDIFONOS DISEÑOS/CASCO BT ,KR1000
MANDO PS4,DUALSHOCK4
MICRO 16GB C10,KINGTON
POSADOR DE PLASTICO,P1
TRIPODE MAS LED,K10
TRIPODE ,H8
TRIPODE ,S03
TRIPODE  FLEXIBLE,***
TRIPODE ,K20
TRIPODE ,SELFIE STICK
TRIPODE ,K07
TRIPODE ,***
SMART WACHT,G500
SMART WACHT,Y60
SMART WACHT,W26+
SMART WACHT,MD18
POPSOCKET FLOR GOMA,***
ANILLO GATO/CONEJO + GANCHO,***
EARBUDS BASIC 2,XIAOMI
REDMI AIRDOTS,XIAOMI
MI BAND 5,XIAOMI
REALME BUDS,XIAOMI
MI WATCH LITE,XIAOMI
WATCH GT,HUAWEI
MANILLA,MI BAND
PARLANTE,TDK
AMPLIADOR DE PANTALLA,
PULSERA HYUNDAI,PULSE 4
PULSERA HYUNDAI,PULSE 5
AUDIFONO BT GATITO LED,KP1
VIDRIO OG,A10/A10S
VIDRIO OG,A80
VIDRIO OG,A20S
VIDRIO OG,A50
VIDRIO OG,J6+
VIDRIO OG,A01 CORE
VIDRIO OG,A71/A72/M51/POCO X3
VIDRIO OG,A02/A02S
VIDRIO OG,A70
VIDRIO OG,A11
VIDRIO OG,A51/A52
VIDRIO OG,A01
VIDRIO OG,A31
VIDRIO OG,A21/A21S
VIDRIO OG,A12
VIDRIO OG,A7 2018
VIDRIO OG,A9 2019
VIDRIO OG,MATE 20 LITE
VIDRIO OG,Y9 2019
VIDRIO OG,Y9 PRIME
VIDRIO OG,NOVA 5T
VIDRIO OG,Y6 2019
VIDRIO OG,P30 LITE
VIDRIO OG,P40
VIDRIO OG,P40 LITE/Y7P
VIDRIO OG,REDMI NOTE 8 PRO
VIDRIO OG,XIAOMI MI 8 PRO
VIDRIO OG,MI 9
VIDRIO OG,P20 PRO
VIDRIO OG,IPH 6 +(BLANCO)
VIDRIO OG,IPH 6+ (NEGRO)
VIDRIO OG,IPH 8 (NEGRO)
VIDRIO OG,IPH 8(BLANCO)
VIDRIO OG,IPH 8+(BLANCO)
VIDRIO OG,IPH8+ (NEGRO)
VIDRIO OG,IPH XS P.M/11 P. M.
VIDRIO OG,IPH XS/11 PRO 
VIDRIO OG,IPH XR/11
VIDRIO OG,NOTE 7 PRO
VIDRIO OG,MIA 3 LITE
VIDRIO OG,MI 8 LITE
VIDRIO OG,MI 9T/MI 9T PRO
VIDRIO OG,REDMI 9A/9C
VIDRIO OG,J7 PRIME
VIDRIO OG,MI 10 LITE
VIDRIO OG,IPH 6(BLANCO)
VIDRIO OG,IPH 6(NEGRO)
VIDRIO OG,Y6 P
VIDRIO OG,P20 LITE
VIDRIO OG,NOTE 9
VIDRIO OG,NOTE 9S/NOTE 9 PRO
VIDRIO OG,NOTE 8
VIDRIO OG,MATE 10 LITE
VIDRIO OG,IPH 12 MINI
VIDRIO OG,IPH 12/12 PRO
VIDRIO OG,IPH 12 PRO MAX
VIDRIO OG,Y9 S
VIDRIO OG,Y8 P
VIDRIO OG,REALME 8 PRO
VIDRIO OG,REALME 9 PRO
VIDRIO OG,POCO M3
VIDRIO OG,MI 10T
VIDRIO OG,A32 4G
VIDRIO OG,REALME 6 PRO
VIDRIO OG,REALME 7 PRO
NANOSHEIL ATRAS,MATE 20 PRO
SILICONA ALITAS WSARMOR,S9 +
NANOSHEIL AG,S7 EDGE
NANOSHEIL,S8+
NANOSHEIL,S8 
 NANOSHEIL ATRAS,S9
SILICONA ,"T3 ""7"""
NANOSHEIL ATRAS,A50
UNBREAKEBLE MEMBRANE,S8+/S9+
UNBREAKEBLE MEMBRANE,S11+
UNBREAKEBLE MEMBRANE,S8/S9
UNBREAKEBLE MEMBRANE,S11
UNBREAKEBLE MEMBRANE,S10+
UNBREAKEBLE MEMBRANE,S7 EDGE
SILICONA ALITAS WSARMOR,S10
PLASTICO CURVO,S6 EDGE PLUS
NANOSHEIL,A70
SILICONA WSARMOR ATRAS,NOTE 10 PRO
UNBREAKEBLE MEMBRANE,NOTE 10+
SILICONA WSARMOR ATRAS,NOTE 10
NANOSHEIL,A50
NANOSHEIL,A20
SILICONA ALITAS WSARMOR,NOTE 10 PRO
UNBREAKEBLE MEMBRANE,NOTE 10
NANOSHEIL,A10
NANOSHEIL,A10S
SILICONA ALITAS WSARMOR,NOTE 10
UNBREAKEBLE MEMBRANE,NOTE 8/NOTE 9
SILICONA WSARMOR ATRAS,IPH 11 PRO MAX
SILICONA WSARMOR ATRAS,IPH 11
UNBREAKEBLE MEMBRANE,P30 PRO
NANOSHEIL ALITAS,S8
NANOSHEIL ALITAS,S6 EDGE
ANTISHOCK ,S5
FIBRA DE CARBONO ,S6 EDGE
NANOSHEIL ALITAS,S7 EDGE
NANOSHEIL ATRAS,NOTE 9
NANOSHEIL,MIA 6
NANOSHEIL,MIA 1
NANOSHEIL AG,NOTE 4
NANOSHEIL,NOTE 4
NANOSHEIL,NOTE 5
NANOSHEIL,P10
NANOSHEIL AG,P10
NANOSHEIL,Y7 PRIME
NANOSHEIL,MATE 10
NANOSHEIL,MATE 10 LITE
NANOSHEIL,MATE 10 PRO
NANOSHEIL,P9 LITE 2017
NANOSHEIL,P20 PRO
NANOSHEIL ALITAS,P20 PRO
NANOSHEIL ATRAS,P20 PRO
NANOSHEIL ALITAS,P20
NANOSHEIL ATRAS,P20 LITE
NANOSHEIL ALITAS,P20 LITE
NANOSHEIL ALITAS,Y9 2018
NANOSHEIL ALITAS,Y7 2018
NANOSHEIL ATRAS,MATE 20 LITE
NANOSHEIL ALITAS,Y6 2018
NANOSHEIL ATRAS,MATE 20
NANOSHEIL AG,P9 LITE 2017
 NANOSHEIL ATRAS,MATE 20 PRO
NANOSHEIL ATRAS,IPH XS MAX
NANOSHEIL ATRAS,XR
NANOSHEIL ATRAS,P20 
NANOSHEIL ATRAS,XS
NANOSHEIL ALITAS,IPH 7
NANOSHEIL ALITAS,IPH 8+
NANOSHEIL ALITAS AG,S8+
NANOSHEIL ALITAS,S9
NANOSHEIL AG,S8+
NANOSHEIL ATRAS,S10E
NANOSHEIL ATRAS,S8+
NANOSHEIL ATRAS,S7 EDGE
NANOSHEIL ATRAS,S10
NANOSHEIL ATRAS,S10+
NANOSHEIL ATRAS,S9+
NANOSHEIL,NOTE 8
NANOSHEIL AG,NOTE 8
NANOSHEIL ATRAS,NOTE 8
NANOSHEIL ALITAS,NOTE 9
NANOSHEIL ATRAS,J6+
NANOSHEIL,J7 PRO
NANOSHEIL,A8 2018
NANOSHEIL,A8+
NANOSHEIL ATRAS,A9 2019
NANOSHEIL,A9 2019
NANOSHEIL ATRAS,J8
ANTI SHOCK,"TAB A 2019 ""8"""
NANOSHEIL ALITAS,S9+
NANOSHEIL ALITAS,S10
NANOSHEIL ALITAS,S10+
NANOSHEIL ALITAS,S20
NANOSHEIL ALITAS,S20+
NANOSHEIL ALITAS,S20 ULTRA
NANOSHEIL ALITAS,P30 PRO
NANOSHEIL ALITAS,P40
NANOSHEIL ALITAS,P40 PRO
NANOSHEIL ALITAS,NOTE 10+
NANOSHEIL ALITAS,NOTE 20
NANOSHEIL ALITAS,NOTE 20 ULTRA
NANOSHEIL ALITAS,MI NOTE 10
VIDRIO 9D,NOVA 5T
VIDRIO CURVO,NOTE 8
VIDRIO CURVO,S10  
VIDRIO CURVO,S9  
VIDRIO 5D,J5 PRO (NEGRO)
VIDRIO 5D,J5 PRO (BLANCO)
VIDRIO 5D,J7 PRO (BLANCO)
VIDRIO 5D,IPH X( BLANCO)
VIDRIO 5D,IPH X(NEGRO)
VIDRIO 5D,IPH 8 (NEGRO)
VIDRIO 5D,IPH 8 (BLANCO)
VIDRIO 5D,IPH 8+(BLANCO)
VIDRIO 5D,IPH 8+(NEGRO)
VIDRIO 5D,A8+
VIDRIO 5D,A6+
VIDRIO 9D,Y9S
VIDRIO 9D,A10
VIDRIO 9D,A50
VIDRIO 9D,P30 LITE
VIDRIO CURVO,S7 EDGE AZUL
VIDRIO CURVO,S6 EDGE PLUS NEGRO
VIDRIO CURVO,S10 E
VIDRIO 5D,MATE 20
VIDRIO 9D,P30
VIDRIO 5D,IPH 6
VIDRIO 5D,IPH 6+
VIDRIO 5D,J6+
VIDRIO 5D,P20
VIDRIO CURVO,S8+
VIDRIO CURVO,S9+
VIDRIO CURVO,S10+
VIDRIO CURVO,S20
VIDRIO CURVO,S20+
VIDRIO CURVO,S20 ULTRA
VIDRIO CURVO,NOTE 9
TARJETA ENTEL,10
TARJETA ENTEL,15
TARJETA ENTEL,30
TARJETA ENTEL,50
TARJETA TIGO,10
TARJETA TIGO,20
TARJETA TIGO,30
TARJETA TIGO,50
TARJETA VIVA,10
TARJETA VIVA,20
TARJETA VIVA,30
TARJETA VIVA,50
RECARGA ENTEL,***
RECARGA TIGO / ENVIO TIGOMONEY,***
RECARGA VIVA,***
CHIP ENTEL,***
CHIP TIGO,***
TIGO MONEY,0
